-- MySQL dump 10.13  Distrib 5.7.17, for Win64 (x86_64)
--
-- Host: 192.168.10.10    Database: ispmais_painel
-- ------------------------------------------------------
-- Server version	5.7.29-0ubuntu0.18.04.1

/*!40101 SET @OLD_CHARACTER_SET_CLIENT=@@CHARACTER_SET_CLIENT */;
/*!40101 SET @OLD_CHARACTER_SET_RESULTS=@@CHARACTER_SET_RESULTS */;
/*!40101 SET @OLD_COLLATION_CONNECTION=@@COLLATION_CONNECTION */;
/*!40101 SET NAMES utf8 */;
/*!40103 SET @OLD_TIME_ZONE=@@TIME_ZONE */;
/*!40103 SET TIME_ZONE='+00:00' */;
/*!40014 SET @OLD_UNIQUE_CHECKS=@@UNIQUE_CHECKS, UNIQUE_CHECKS=0 */;
/*!40014 SET @OLD_FOREIGN_KEY_CHECKS=@@FOREIGN_KEY_CHECKS, FOREIGN_KEY_CHECKS=0 */;
/*!40101 SET @OLD_SQL_MODE=@@SQL_MODE, SQL_MODE='NO_AUTO_VALUE_ON_ZERO' */;
/*!40111 SET @OLD_SQL_NOTES=@@SQL_NOTES, SQL_NOTES=0 */;

--
-- Table structure for table `empresa`
--

DROP TABLE IF EXISTS `empresa`;
/*!40101 SET @saved_cs_client     = @@character_set_client */;
/*!40101 SET character_set_client = utf8 */;
CREATE TABLE `empresa` (
  `id_empresa` int(11) NOT NULL,
  `razaoSocial_empresa` varchar(145) DEFAULT NULL,
  `nomeFantasia_empresa` varchar(145) DEFAULT NULL,
  `cnpj_empresa` varchar(20) DEFAULT NULL,
  `email_empresa` varchar(120) DEFAULT NULL,
  `telefone_empresa` varchar(15) DEFAULT NULL,
  `nomeResponsavel_empresa` varchar(45) DEFAULT NULL,
  `telefoneResponsavel_empresa` varchar(15) DEFAULT NULL,
  `emailResponsavel_empresa` varchar(120) DEFAULT NULL,
  `cpfResponsavel_empresa` varchar(20) DEFAULT NULL,
  `imagem_empresa` varchar(145) DEFAULT NULL,
  `status_empresa` enum('0','1') DEFAULT '0',
  PRIMARY KEY (`id_empresa`)
) ENGINE=InnoDB DEFAULT CHARSET=utf8;
/*!40101 SET character_set_client = @saved_cs_client */;

--
-- Dumping data for table `empresa`
--

LOCK TABLES `empresa` WRITE;
/*!40000 ALTER TABLE `empresa` DISABLE KEYS */;
INSERT INTO `empresa` VALUES (1,'ISP MAIS TELECOM LTDA','ISP Mais Telecom','14.429.925/0001-67','sampaio@ispmais.com','(94) 3434-2444','Diones Fernandes Sampaio','94 99161-0469','diones.sampaio@gmail.com','006.956.771-95','img_logo_empresa_1173207400.png','1');
/*!40000 ALTER TABLE `empresa` ENABLE KEYS */;
UNLOCK TABLES;

--
-- Table structure for table `pu_niveis_paginas`
--

DROP TABLE IF EXISTS `pu_niveis_paginas`;
/*!40101 SET @saved_cs_client     = @@character_set_client */;
/*!40101 SET character_set_client = utf8 */;
CREATE TABLE `pu_niveis_paginas` (
  `id_niveisPaginas` int(11) NOT NULL,
  `id_nivelAcesso` varchar(45) DEFAULT NULL,
  `id_pagina` varchar(45) DEFAULT NULL,
  `permissao_niveisPaginas` enum('0','1') DEFAULT NULL,
  `menu_niveisPaginas` enum('0','1') DEFAULT NULL,
  `add_niveisPaginas` enum('0','1') DEFAULT NULL,
  PRIMARY KEY (`id_niveisPaginas`)
) ENGINE=InnoDB DEFAULT CHARSET=utf8;
/*!40101 SET character_set_client = @saved_cs_client */;

--
-- Dumping data for table `pu_niveis_paginas`
--

LOCK TABLES `pu_niveis_paginas` WRITE;
/*!40000 ALTER TABLE `pu_niveis_paginas` DISABLE KEYS */;
INSERT INTO `pu_niveis_paginas` VALUES (1,'11','1','0','0','0'),(2,'10','1','0','0','0'),(3,'9','1','0','0','0'),(4,'8','1','0','0','0'),(5,'7','1','0','0','0'),(6,'6','1','0','0','0'),(7,'5','1','0','0','0'),(8,'4','1','0','0','0'),(9,'3','1','0','0','0'),(10,'2','1','0','0','0'),(11,'1','1','1','1','1'),(12,'11','2','0','0','0'),(13,'10','2','0','0','0'),(14,'9','2','0','0','0'),(15,'8','2','0','0','0'),(16,'7','2','0','0','0'),(17,'6','2','0','0','0'),(18,'5','2','0','0','0'),(19,'4','2','0','0','0'),(20,'3','2','0','0','0'),(21,'2','2','0','0','0'),(22,'1','2','1','0','1'),(23,'11','3','0','0','0'),(24,'10','3','0','0','0'),(25,'9','3','0','0','0'),(26,'8','3','0','0','0'),(27,'7','3','0','0','0'),(28,'6','3','0','0','0'),(29,'5','3','0','0','0'),(30,'4','3','0','0','0'),(31,'3','3','0','0','0'),(32,'2','3','0','0','0'),(33,'1','3','0','0','1'),(34,'11','4','0','0','0'),(35,'10','4','0','0','0'),(36,'9','4','0','0','0'),(37,'8','4','0','0','0'),(38,'7','4','0','0','0'),(39,'6','4','0','0','0'),(40,'5','4','0','0','0'),(41,'4','4','0','0','0'),(42,'3','4','0','0','0'),(43,'2','4','0','0','0'),(44,'1','4','0','0','1'),(45,'11','5','0','0','0'),(46,'10','5','0','0','0'),(47,'9','5','0','0','0'),(48,'8','5','0','0','0'),(49,'7','5','0','0','0'),(50,'6','5','0','0','0'),(51,'5','5','0','0','0'),(52,'4','5','0','0','0'),(53,'3','5','0','0','0'),(54,'2','5','0','0','0'),(55,'1','5','0','0','1'),(56,'11','6','0','0','0'),(57,'10','6','0','0','0'),(58,'9','6','0','0','0'),(59,'8','6','0','0','0'),(60,'7','6','0','0','0'),(61,'6','6','0','0','0'),(62,'5','6','0','0','0'),(63,'4','6','0','0','0'),(64,'3','6','0','0','0'),(65,'2','6','0','0','0'),(66,'1','6','0','0','1'),(67,'11','7','0','0','0'),(68,'10','7','0','0','0'),(69,'9','7','0','0','0'),(70,'8','7','0','0','0'),(71,'7','7','0','0','0'),(72,'6','7','0','0','0'),(73,'5','7','0','0','0'),(74,'4','7','0','0','0'),(75,'3','7','0','0','0'),(76,'2','7','0','0','0'),(77,'1','7','0','0','1'),(78,'11','8','0','0','0'),(79,'10','8','0','0','0'),(80,'9','8','0','0','0'),(81,'8','8','0','0','0'),(82,'7','8','0','0','0'),(83,'6','8','0','0','0'),(84,'5','8','0','0','0'),(85,'4','8','0','0','0'),(86,'3','8','0','0','0'),(87,'2','8','0','0','0'),(88,'1','8','0','0','1'),(89,'11','9','0','0','0'),(90,'10','9','0','0','0'),(91,'9','9','0','0','0'),(92,'8','9','0','0','0'),(93,'7','9','0','0','0'),(94,'6','9','0','0','0'),(95,'5','9','0','0','0'),(96,'4','9','0','0','0'),(97,'3','9','0','0','0'),(98,'2','9','0','0','0'),(99,'1','9','0','0','1'),(100,'11','10','0','0','0'),(101,'10','10','0','0','0'),(102,'9','10','0','0','0'),(103,'8','10','0','0','0'),(104,'7','10','0','0','0'),(105,'6','10','0','0','0'),(106,'5','10','0','0','0'),(107,'4','10','0','0','0'),(108,'3','10','0','0','0'),(109,'2','10','0','0','0'),(110,'1','10','0','0','1'),(111,'11','11','0','0','0'),(112,'10','11','0','0','0'),(113,'9','11','0','0','0'),(114,'8','11','0','0','0'),(115,'7','11','0','0','0'),(116,'6','11','0','0','0'),(117,'5','11','0','0','0'),(118,'4','11','0','0','0'),(119,'3','11','0','0','0'),(120,'2','11','0','0','0'),(121,'1','11','0','0','1'),(122,'11','12','0','0','0'),(123,'10','12','0','0','0'),(124,'9','12','0','0','0'),(125,'8','12','0','0','0'),(126,'7','12','0','0','0'),(127,'6','12','0','0','0'),(128,'5','12','0','0','0'),(129,'4','12','0','0','0'),(130,'3','12','0','0','0'),(131,'2','12','0','0','0'),(132,'1','12','0','0','1'),(133,'11','13','0','0','0'),(134,'10','13','0','0','0'),(135,'9','13','0','0','0'),(136,'8','13','0','0','0'),(137,'7','13','0','0','0'),(138,'6','13','0','0','0'),(139,'5','13','0','0','0'),(140,'4','13','0','0','0'),(141,'3','13','0','0','0'),(142,'2','13','0','0','0'),(143,'1','13','0','0','1'),(144,'11','14','0','0','0'),(145,'10','14','0','0','0'),(146,'9','14','0','0','0'),(147,'8','14','0','0','0'),(148,'7','14','0','0','0'),(149,'6','14','0','0','0'),(150,'5','14','0','0','0'),(151,'4','14','0','0','0'),(152,'3','14','0','0','0'),(153,'2','14','0','0','0'),(154,'1','14','0','0','1'),(155,'11','15','0','0','0'),(156,'10','15','0','0','0'),(157,'9','15','0','0','0'),(158,'8','15','0','0','0'),(159,'7','15','0','0','0'),(160,'6','15','0','0','0'),(161,'5','15','0','0','0'),(162,'4','15','0','0','0'),(163,'3','15','0','0','0'),(164,'2','15','0','0','0'),(165,'1','15','1','1','1'),(166,'11','16','0','0','0'),(167,'10','16','0','0','0'),(168,'9','16','0','0','0'),(169,'8','16','0','0','0'),(170,'7','16','0','0','0'),(171,'6','16','0','0','0'),(172,'5','16','0','0','0'),(173,'4','16','0','0','0'),(174,'3','16','0','0','0'),(175,'2','16','0','0','0'),(176,'1','16','0','0','1'),(177,'11','17','0','0','0'),(178,'10','17','0','0','0'),(179,'9','17','0','0','0'),(180,'8','17','0','0','0'),(181,'7','17','0','0','0'),(182,'6','17','0','0','0'),(183,'5','17','0','0','0'),(184,'4','17','0','0','0'),(185,'3','17','0','0','0'),(186,'2','17','0','0','0'),(187,'1','17','0','0','1'),(188,'11','18','0','0','0'),(189,'10','18','0','0','0'),(190,'9','18','0','0','0'),(191,'8','18','0','0','0'),(192,'7','18','0','0','0'),(193,'6','18','0','0','0'),(194,'5','18','0','0','0'),(195,'4','18','0','0','0'),(196,'3','18','0','0','0'),(197,'2','18','0','0','0'),(198,'1','18','0','0','1'),(199,'11','19','0','0','0'),(200,'10','19','0','0','0'),(201,'9','19','0','0','0'),(202,'8','19','0','0','0'),(203,'7','19','0','0','0'),(204,'6','19','0','0','0'),(205,'5','19','0','0','0'),(206,'4','19','0','0','0'),(207,'3','19','0','0','0'),(208,'2','19','0','0','0'),(209,'1','19','0','0','1'),(210,'11','20','0','0','0'),(211,'10','20','0','0','0'),(212,'9','20','0','0','0'),(213,'8','20','0','0','0'),(214,'7','20','0','0','0'),(215,'6','20','0','0','0'),(216,'5','20','0','0','0'),(217,'4','20','0','0','0'),(218,'3','20','0','0','0'),(219,'2','20','0','0','0'),(220,'1','20','0','0','1'),(221,'11','21','0','0','0'),(222,'10','21','0','0','0'),(223,'9','21','0','0','0'),(224,'8','21','0','0','0'),(225,'7','21','0','0','0'),(226,'6','21','0','0','0'),(227,'5','21','0','0','0'),(228,'4','21','0','0','0'),(229,'3','21','0','0','0'),(230,'2','21','0','0','0'),(231,'1','21','0','0','1'),(232,'11','22','0','0','0'),(233,'10','22','0','0','0'),(234,'9','22','0','0','0'),(235,'8','22','0','0','0'),(236,'7','22','0','0','0'),(237,'6','22','0','0','0'),(238,'5','22','0','0','0'),(239,'4','22','0','0','0'),(240,'3','22','0','0','0'),(241,'2','22','0','0','0'),(242,'1','22','0','0','1'),(243,'11','23','0','0','0'),(244,'10','23','0','0','0'),(245,'9','23','0','0','0'),(246,'8','23','0','0','0'),(247,'7','23','0','0','0'),(248,'6','23','0','0','0'),(249,'5','23','0','0','0'),(250,'4','23','0','0','0'),(251,'3','23','0','0','0'),(252,'2','23','0','0','0'),(253,'1','23','0','0','1'),(254,'11','24','0','0','0'),(255,'10','24','0','0','0'),(256,'9','24','0','0','0'),(257,'8','24','0','0','0'),(258,'7','24','0','0','0'),(259,'6','24','0','0','0'),(260,'5','24','0','0','0'),(261,'4','24','0','0','0'),(262,'3','24','0','0','0'),(263,'2','24','0','0','0'),(264,'1','24','0','0','1'),(265,'11','25','0','0','0'),(266,'10','25','0','0','0'),(267,'9','25','0','0','0'),(268,'8','25','0','0','0'),(269,'7','25','0','0','0'),(270,'6','25','0','0','0'),(271,'5','25','0','0','0'),(272,'4','25','0','0','0'),(273,'3','25','0','0','0'),(274,'2','25','0','0','0'),(275,'1','25','0','0','1'),(276,'11','26','0','0','0'),(277,'10','26','0','0','0'),(278,'9','26','0','0','0'),(279,'8','26','0','0','0'),(280,'7','26','0','0','0'),(281,'6','26','0','0','0'),(282,'5','26','0','0','0'),(283,'4','26','0','0','0'),(284,'3','26','0','0','0'),(285,'2','26','0','0','0'),(286,'1','26','1','1','1'),(287,'11','27','0','0','0'),(288,'10','27','0','0','0'),(289,'9','27','0','0','0'),(290,'8','27','0','0','0'),(291,'7','27','0','0','0'),(292,'6','27','0','0','0'),(293,'5','27','0','0','0'),(294,'4','27','0','0','0'),(295,'3','27','0','0','0'),(296,'2','27','0','0','0'),(297,'1','27','0','0','1'),(298,'11','28','0','0','0'),(299,'10','28','0','0','0'),(300,'9','28','0','0','0'),(301,'8','28','0','0','0'),(302,'7','28','0','0','0'),(303,'6','28','0','0','0'),(304,'5','28','0','0','0'),(305,'4','28','0','0','0'),(306,'3','28','0','0','0'),(307,'2','28','0','0','0'),(308,'1','28','1','0','1'),(309,'11','29','0','0','0'),(310,'10','29','0','0','0'),(311,'9','29','0','0','0'),(312,'8','29','0','0','0'),(313,'7','29','0','0','0'),(314,'6','29','0','0','0'),(315,'5','29','0','0','0'),(316,'4','29','0','0','0'),(317,'3','29','0','0','0'),(318,'2','29','0','0','0'),(319,'1','29','0','0','1'),(320,'11','30','0','0','0'),(321,'10','30','0','0','0'),(322,'9','30','0','0','0'),(323,'8','30','0','0','0'),(324,'7','30','0','0','0'),(325,'6','30','0','0','0'),(326,'5','30','0','0','0'),(327,'4','30','0','0','0'),(328,'3','30','0','0','0'),(329,'2','30','0','0','0'),(330,'1','30','0','0','1'),(331,'11','31','0','0','0'),(332,'10','31','0','0','0'),(333,'9','31','0','0','0'),(334,'8','31','0','0','0'),(335,'7','31','0','0','0'),(336,'6','31','0','0','0'),(337,'5','31','0','0','0'),(338,'4','31','0','0','0'),(339,'3','31','0','0','0'),(340,'2','31','0','0','0'),(341,'1','31','0','0','1'),(342,'11','32','0','0','0'),(343,'10','32','0','0','0'),(344,'9','32','0','0','0'),(345,'8','32','0','0','0'),(346,'7','32','0','0','0'),(347,'6','32','0','0','0'),(348,'5','32','0','0','0'),(349,'4','32','0','0','0'),(350,'3','32','0','0','0'),(351,'2','32','0','0','0'),(352,'1','32','1','1','1'),(353,'11','33','0','0','0'),(354,'10','33','0','0','0'),(355,'9','33','0','0','0'),(356,'8','33','0','0','0'),(357,'7','33','0','0','0'),(358,'6','33','0','0','0'),(359,'5','33','0','0','0'),(360,'4','33','0','0','0'),(361,'3','33','0','0','0'),(362,'2','33','0','0','0'),(363,'1','33','0','0','1'),(364,'11','34','0','0','0'),(365,'10','34','0','0','0'),(366,'9','34','0','0','0'),(367,'8','34','0','0','0'),(368,'7','34','0','0','0'),(369,'6','34','0','0','0'),(370,'5','34','0','0','0'),(371,'4','34','0','0','0'),(372,'3','34','0','0','0'),(373,'2','34','0','0','0'),(374,'1','34','1','1','1'),(375,'11','35','0','0','0'),(376,'10','35','0','0','0'),(377,'9','35','0','0','0'),(378,'8','35','0','0','0'),(379,'7','35','0','0','0'),(380,'6','35','0','0','0'),(381,'5','35','0','0','0'),(382,'4','35','0','0','0'),(383,'3','35','0','0','0'),(384,'2','35','0','0','0'),(385,'1','35','0','0','1'),(386,'11','36','0','0','0'),(387,'10','36','0','0','0'),(388,'9','36','0','0','0'),(389,'8','36','0','0','0'),(390,'7','36','0','0','0'),(391,'6','36','0','0','0'),(392,'5','36','0','0','0'),(393,'4','36','0','0','0'),(394,'3','36','0','0','0'),(395,'2','36','0','0','0'),(396,'1','36','0','0','1'),(397,'11','37','0','0','0'),(398,'10','37','0','0','0'),(399,'9','37','0','0','0'),(400,'8','37','0','0','0'),(401,'7','37','0','0','0'),(402,'6','37','0','0','0'),(403,'5','37','0','0','0'),(404,'4','37','0','0','0'),(405,'3','37','0','0','0'),(406,'2','37','0','0','0'),(407,'1','37','0','0','1'),(408,'11','38','0','0','0'),(409,'10','38','0','0','0'),(410,'9','38','0','0','0'),(411,'8','38','0','0','0'),(412,'7','38','0','0','0'),(413,'6','38','0','0','0'),(414,'5','38','0','0','0'),(415,'4','38','0','0','0'),(416,'3','38','0','0','0'),(417,'2','38','0','0','0'),(418,'1','38','0','0','1'),(419,'11','39','0','0','0'),(420,'10','39','0','0','0'),(421,'9','39','0','0','0'),(422,'8','39','0','0','0'),(423,'7','39','0','0','0'),(424,'6','39','0','0','0'),(425,'5','39','0','0','0'),(426,'4','39','0','0','0'),(427,'3','39','0','0','0'),(428,'2','39','0','0','0'),(429,'1','39','1','1','1'),(430,'11','40','0','0','0'),(431,'10','40','0','0','0'),(432,'9','40','0','0','0'),(433,'8','40','0','0','0'),(434,'7','40','0','0','0'),(435,'6','40','0','0','0'),(436,'5','40','0','0','0'),(437,'4','40','0','0','0'),(438,'3','40','0','0','0'),(439,'2','40','0','0','0'),(440,'1','40','0','0','1'),(441,'11','41','0','0','0'),(442,'10','41','0','0','0'),(443,'9','41','0','0','0'),(444,'8','41','0','0','0'),(445,'7','41','0','0','0'),(446,'6','41','0','0','0'),(447,'5','41','0','0','0'),(448,'4','41','0','0','0'),(449,'3','41','0','0','0'),(450,'2','41','0','0','0'),(451,'1','41','0','0','1'),(452,'11','42','0','0','0'),(453,'10','42','0','0','0'),(454,'9','42','0','0','0'),(455,'8','42','0','0','0'),(456,'7','42','0','0','0'),(457,'6','42','0','0','0'),(458,'5','42','0','0','0'),(459,'4','42','0','0','0'),(460,'3','42','0','0','0'),(461,'2','42','0','0','0'),(462,'1','42','0','0','1'),(463,'11','43','0','0','0'),(464,'10','43','0','0','0'),(465,'9','43','0','0','0'),(466,'8','43','0','0','0'),(467,'7','43','0','0','0'),(468,'6','43','0','0','0'),(469,'5','43','0','0','0'),(470,'4','43','0','0','0'),(471,'3','43','0','0','0'),(472,'2','43','0','0','0'),(473,'1','43','0','0','1'),(474,'11','44','0','0','0'),(475,'10','44','0','0','0'),(476,'9','44','0','0','0'),(477,'8','44','0','0','0'),(478,'7','44','0','0','0'),(479,'6','44','0','0','0'),(480,'5','44','0','0','0'),(481,'4','44','0','0','0'),(482,'3','44','0','0','0'),(483,'2','44','0','0','0'),(484,'1','44','0','0','1'),(485,'11','45','0','0','0'),(486,'10','45','0','0','0'),(487,'9','45','0','0','0'),(488,'8','45','0','0','0'),(489,'7','45','0','0','0'),(490,'6','45','0','0','0'),(491,'5','45','0','0','0'),(492,'4','45','0','0','0'),(493,'3','45','0','0','0'),(494,'2','45','0','0','0'),(495,'1','45','0','0','1'),(496,'11','46','0','0','0'),(497,'10','46','0','0','0'),(498,'9','46','0','0','0'),(499,'8','46','0','0','0'),(500,'7','46','0','0','0'),(501,'6','46','0','0','0'),(502,'5','46','0','0','0'),(503,'4','46','0','0','0'),(504,'3','46','0','0','0'),(505,'2','46','0','0','0'),(506,'1','46','0','0','1'),(507,'11','47','0','0','0'),(508,'10','47','0','0','0'),(509,'9','47','0','0','0'),(510,'8','47','0','0','0'),(511,'7','47','0','0','0'),(512,'6','47','0','0','0'),(513,'5','47','0','0','0'),(514,'4','47','0','0','0'),(515,'3','47','0','0','0'),(516,'2','47','0','0','0'),(517,'1','47','0','0','1'),(518,'11','48','0','0','0'),(519,'10','48','0','0','0'),(520,'9','48','0','0','0'),(521,'8','48','0','0','0'),(522,'7','48','0','0','0'),(523,'6','48','0','0','0'),(524,'5','48','0','0','0'),(525,'4','48','0','0','0'),(526,'3','48','0','0','0'),(527,'2','48','0','0','0'),(528,'1','48','0','0','1'),(529,'11','49','0','0','0'),(530,'10','49','0','0','0'),(531,'9','49','0','0','0'),(532,'8','49','0','0','0'),(533,'7','49','0','0','0'),(534,'6','49','0','0','0'),(535,'5','49','0','0','0'),(536,'4','49','0','0','0'),(537,'3','49','0','0','0'),(538,'2','49','0','0','0'),(539,'1','49','1','0','1'),(540,'11','50','0','0','0'),(541,'10','50','0','0','0'),(542,'9','50','0','0','0'),(543,'8','50','0','0','0'),(544,'7','50','0','0','0'),(545,'6','50','0','0','0'),(546,'5','50','0','0','0'),(547,'4','50','0','0','0'),(548,'3','50','0','0','0'),(549,'2','50','0','0','0'),(550,'1','50','0','0','1'),(551,'11','51','0','0','0'),(552,'10','51','0','0','0'),(553,'9','51','0','0','0'),(554,'8','51','0','0','0'),(555,'7','51','0','0','0'),(556,'6','51','0','0','0'),(557,'5','51','0','0','0'),(558,'4','51','0','0','0'),(559,'3','51','0','0','0'),(560,'2','51','0','0','0'),(561,'1','51','0','0','1'),(562,'11','52','0','0','0'),(563,'10','52','0','0','0'),(564,'9','52','0','0','0'),(565,'8','52','0','0','0'),(566,'7','52','0','0','0'),(567,'6','52','0','0','0'),(568,'5','52','0','0','0'),(569,'4','52','0','0','0'),(570,'3','52','0','0','0'),(571,'2','52','0','0','0'),(572,'1','52','0','0','1'),(573,'11','53','0','0','0'),(574,'10','53','0','0','0'),(575,'9','53','0','0','0'),(576,'8','53','0','0','0'),(577,'7','53','0','0','0'),(578,'6','53','0','0','0'),(579,'5','53','0','0','0'),(580,'4','53','0','0','0'),(581,'3','53','0','0','0'),(582,'2','53','0','0','0'),(583,'1','53','0','0','1'),(584,'11','54','0','0','0'),(585,'10','54','0','0','0'),(586,'9','54','0','0','0'),(587,'8','54','0','0','0'),(588,'7','54','0','0','0'),(589,'6','54','0','0','0'),(590,'5','54','0','0','0'),(591,'4','54','0','0','0'),(592,'3','54','0','0','0'),(593,'2','54','0','0','0'),(594,'1','54','0','0','1'),(595,'11','55','0','0','0'),(596,'10','55','0','0','0'),(597,'9','55','0','0','0'),(598,'8','55','0','0','0'),(599,'7','55','0','0','0'),(600,'6','55','0','0','0'),(601,'5','55','0','0','0'),(602,'4','55','0','0','0'),(603,'3','55','0','0','0'),(604,'2','55','0','0','0'),(605,'1','55','0','0','1'),(606,'11','56','0','0','0'),(607,'10','56','0','0','0'),(608,'9','56','0','0','0'),(609,'8','56','0','0','0'),(610,'7','56','0','0','0'),(611,'6','56','0','0','0'),(612,'5','56','0','0','0'),(613,'4','56','0','0','0'),(614,'3','56','0','0','0'),(615,'2','56','0','0','0'),(616,'1','56','0','0','1'),(617,'11','57','0','0','0'),(618,'10','57','0','0','0'),(619,'9','57','0','0','0'),(620,'8','57','0','0','0'),(621,'7','57','0','0','0'),(622,'6','57','0','0','0'),(623,'5','57','0','0','0'),(624,'4','57','0','0','0'),(625,'3','57','0','0','0'),(626,'2','57','0','0','0'),(627,'1','57','0','0','1'),(628,'11','58','0','0','0'),(629,'10','58','0','0','0'),(630,'9','58','0','0','0'),(631,'8','58','0','0','0'),(632,'7','58','0','0','0'),(633,'6','58','0','0','0'),(634,'5','58','0','0','0'),(635,'4','58','0','0','0'),(636,'3','58','0','0','0'),(637,'2','58','0','0','0'),(638,'1','58','0','0','1'),(639,'11','59','0','0','0'),(640,'10','59','0','0','0'),(641,'9','59','0','0','0'),(642,'8','59','0','0','0'),(643,'7','59','0','0','0'),(644,'6','59','0','0','0'),(645,'5','59','0','0','0'),(646,'4','59','0','0','0'),(647,'3','59','0','0','0'),(648,'2','59','0','0','0'),(649,'1','59','0','0','1'),(650,'11','60','0','0','0'),(651,'10','60','0','0','0'),(652,'9','60','0','0','0'),(653,'8','60','0','0','0'),(654,'7','60','0','0','0'),(655,'6','60','0','0','0'),(656,'5','60','0','0','0'),(657,'4','60','0','0','0'),(658,'3','60','0','0','0'),(659,'2','60','0','0','0'),(660,'1','60','0','0','1'),(661,'11','61','0','0','0'),(662,'10','61','0','0','0'),(663,'9','61','0','0','0'),(664,'8','61','0','0','0'),(665,'7','61','0','0','0'),(666,'6','61','0','0','0'),(667,'5','61','0','0','0'),(668,'4','61','0','0','0'),(669,'3','61','0','0','0'),(670,'2','61','0','0','0'),(671,'1','61','0','0','1'),(672,'11','62','0','0','0'),(673,'10','62','0','0','0'),(674,'9','62','0','0','0'),(675,'8','62','0','0','0'),(676,'7','62','0','0','0'),(677,'6','62','0','0','0'),(678,'5','62','0','0','0'),(679,'4','62','0','0','0'),(680,'3','62','0','0','0'),(681,'2','62','0','0','0'),(682,'1','62','0','0','1'),(683,'11','63','0','0','0'),(684,'10','63','0','0','0'),(685,'9','63','0','0','0'),(686,'8','63','0','0','0'),(687,'7','63','0','0','0'),(688,'6','63','0','0','0'),(689,'5','63','0','0','0'),(690,'4','63','0','0','0'),(691,'3','63','0','0','0'),(692,'2','63','0','0','0'),(693,'1','63','0','0','1'),(694,'11','64','0','0','0'),(695,'10','64','0','0','0'),(696,'9','64','0','0','0'),(697,'8','64','0','0','0'),(698,'7','64','0','0','0'),(699,'6','64','0','0','0'),(700,'5','64','0','0','0'),(701,'4','64','0','0','0'),(702,'3','64','0','0','0'),(703,'2','64','0','0','0'),(704,'1','64','0','0','1'),(705,'11','65','0','0','0'),(706,'10','65','0','0','0'),(707,'9','65','0','0','0'),(708,'8','65','0','0','0'),(709,'7','65','0','0','0'),(710,'6','65','0','0','0'),(711,'5','65','0','0','0'),(712,'4','65','0','0','0'),(713,'3','65','0','0','0'),(714,'2','65','0','0','0'),(715,'1','65','0','0','1'),(716,'11','66','0','0','0'),(717,'10','66','0','0','0'),(718,'9','66','0','0','0'),(719,'8','66','0','0','0'),(720,'7','66','0','0','0'),(721,'6','66','0','0','0'),(722,'5','66','0','0','0'),(723,'4','66','0','0','0'),(724,'3','66','0','0','0'),(725,'2','66','0','0','0'),(726,'1','66','0','0','1'),(727,'11','67','0','0','0'),(728,'10','67','0','0','0'),(729,'9','67','0','0','0'),(730,'8','67','0','0','0'),(731,'7','67','0','0','0'),(732,'6','67','0','0','0'),(733,'5','67','0','0','0'),(734,'4','67','0','0','0'),(735,'3','67','0','0','0'),(736,'2','67','0','0','0'),(737,'1','67','0','0','1'),(738,'11','68','0','0','0'),(739,'10','68','0','0','0'),(740,'9','68','0','0','0'),(741,'8','68','0','0','0'),(742,'7','68','0','0','0'),(743,'6','68','0','0','0'),(744,'5','68','0','0','0'),(745,'4','68','0','0','0'),(746,'3','68','0','0','0'),(747,'2','68','0','0','0'),(748,'1','68','0','0','1'),(749,'11','69','0','0','0'),(750,'10','69','0','0','0'),(751,'9','69','0','0','0'),(752,'8','69','0','0','0'),(753,'7','69','0','0','0'),(754,'6','69','0','0','0'),(755,'5','69','0','0','0'),(756,'4','69','0','0','0'),(757,'3','69','0','0','0'),(758,'2','69','0','0','0'),(759,'1','69','0','0','1'),(760,'11','70','0','0','0'),(761,'10','70','0','0','0'),(762,'9','70','0','0','0'),(763,'8','70','0','0','0'),(764,'7','70','0','0','0'),(765,'6','70','0','0','0'),(766,'5','70','0','0','0'),(767,'4','70','0','0','0'),(768,'3','70','0','0','0'),(769,'2','70','0','0','0'),(770,'1','70','0','0','1'),(771,'11','71','0','0','0'),(772,'10','71','0','0','0'),(773,'9','71','0','0','0'),(774,'8','71','0','0','0'),(775,'7','71','0','0','0'),(776,'6','71','0','0','0'),(777,'5','71','0','0','0'),(778,'4','71','0','0','0'),(779,'3','71','0','0','0'),(780,'2','71','0','0','0'),(781,'1','71','0','0','1'),(782,'11','72','0','0','0'),(783,'10','72','0','0','0'),(784,'9','72','0','0','0'),(785,'8','72','0','0','0'),(786,'7','72','0','0','0'),(787,'6','72','0','0','0'),(788,'5','72','0','0','0'),(789,'4','72','0','0','0'),(790,'3','72','0','0','0'),(791,'2','72','0','0','0'),(792,'1','72','0','0','1'),(793,'11','73','0','0','0'),(794,'10','73','0','0','0'),(795,'9','73','0','0','0'),(796,'8','73','0','0','0'),(797,'7','73','0','0','0'),(798,'6','73','0','0','0'),(799,'5','73','0','0','0'),(800,'4','73','0','0','0'),(801,'3','73','0','0','0'),(802,'2','73','0','0','0'),(803,'1','73','0','0','1'),(804,'11','74','0','0','0'),(805,'10','74','0','0','0'),(806,'9','74','0','0','0'),(807,'8','74','0','0','0'),(808,'7','74','0','0','0'),(809,'6','74','0','0','0'),(810,'5','74','0','0','0'),(811,'4','74','0','0','0'),(812,'3','74','0','0','0'),(813,'2','74','0','0','0'),(814,'1','74','0','0','1'),(815,'11','75','0','0','0'),(816,'10','75','0','0','0'),(817,'9','75','0','0','0'),(818,'8','75','0','0','0'),(819,'7','75','0','0','0'),(820,'6','75','0','0','0'),(821,'5','75','0','0','0'),(822,'4','75','0','0','0'),(823,'3','75','0','0','0'),(824,'2','75','0','0','0'),(825,'1','75','0','0','1'),(826,'11','76','0','0','0'),(827,'10','76','0','0','0'),(828,'9','76','0','0','0'),(829,'8','76','0','0','0'),(830,'7','76','0','0','0'),(831,'6','76','0','0','0'),(832,'5','76','0','0','0'),(833,'4','76','0','0','0'),(834,'3','76','0','0','0'),(835,'2','76','0','0','0'),(836,'1','76','0','0','1'),(837,'11','77','0','0','0'),(838,'10','77','0','0','0'),(839,'9','77','0','0','0'),(840,'8','77','0','0','0'),(841,'7','77','0','0','0'),(842,'6','77','0','0','0'),(843,'5','77','0','0','0'),(844,'4','77','0','0','0'),(845,'3','77','0','0','0'),(846,'2','77','0','0','0'),(847,'1','77','0','0','1'),(848,'11','78','0','0','0'),(849,'10','78','0','0','0'),(850,'9','78','0','0','0'),(851,'8','78','0','0','0'),(852,'7','78','0','0','0'),(853,'6','78','0','0','0'),(854,'5','78','0','0','0'),(855,'4','78','0','0','0'),(856,'3','78','0','0','0'),(857,'2','78','0','0','0'),(858,'1','78','0','0','1'),(859,'11','79','0','0','0'),(860,'10','79','0','0','0'),(861,'9','79','0','0','0'),(862,'8','79','0','0','0'),(863,'7','79','0','0','0'),(864,'6','79','0','0','0'),(865,'5','79','0','0','0'),(866,'4','79','0','0','0'),(867,'3','79','0','0','0'),(868,'2','79','0','0','0'),(869,'1','79','0','0','1'),(870,'11','80','0','0','0'),(871,'10','80','0','0','0'),(872,'9','80','0','0','0'),(873,'8','80','0','0','0'),(874,'7','80','0','0','0'),(875,'6','80','0','0','0'),(876,'5','80','0','0','0'),(877,'4','80','0','0','0'),(878,'3','80','0','0','0'),(879,'2','80','0','0','0'),(880,'1','80','0','0','1'),(881,'11','81','0','0','0'),(882,'10','81','0','0','0'),(883,'9','81','0','0','0'),(884,'8','81','0','0','0'),(885,'7','81','0','0','0'),(886,'6','81','0','0','0'),(887,'5','81','0','0','0'),(888,'4','81','0','0','0'),(889,'3','81','0','0','0'),(890,'2','81','0','0','0'),(891,'1','81','0','0','1'),(892,'11','82','0','0','0'),(893,'10','82','0','0','0'),(894,'9','82','0','0','0'),(895,'8','82','0','0','0'),(896,'7','82','0','0','0'),(897,'6','82','0','0','0'),(898,'5','82','0','0','0'),(899,'4','82','0','0','0'),(900,'3','82','0','0','0'),(901,'2','82','0','0','0'),(902,'1','82','0','0','1'),(903,'11','83','0','0','0'),(904,'10','83','0','0','0'),(905,'9','83','0','0','0'),(906,'8','83','0','0','0'),(907,'7','83','0','0','0'),(908,'6','83','0','0','0'),(909,'5','83','0','0','0'),(910,'4','83','0','0','0'),(911,'3','83','0','0','0'),(912,'2','83','0','0','0'),(913,'1','83','0','0','1'),(914,'11','84','0','0','0'),(915,'10','84','0','0','0'),(916,'9','84','0','0','0'),(917,'8','84','0','0','0'),(918,'7','84','0','0','0'),(919,'6','84','0','0','0'),(920,'5','84','0','0','0'),(921,'4','84','0','0','0'),(922,'3','84','0','0','0'),(923,'2','84','0','0','0'),(924,'1','84','0','0','1'),(925,'11','85','0','0','0'),(926,'10','85','0','0','0'),(927,'9','85','0','0','0'),(928,'8','85','0','0','0'),(929,'7','85','0','0','0'),(930,'6','85','0','0','0'),(931,'5','85','0','0','0'),(932,'4','85','0','0','0'),(933,'3','85','0','0','0'),(934,'2','85','0','0','0'),(935,'1','85','0','0','1'),(936,'11','86','0','0','0'),(937,'10','86','0','0','0'),(938,'9','86','0','0','0'),(939,'8','86','0','0','0'),(940,'7','86','0','0','0'),(941,'6','86','0','0','0'),(942,'5','86','0','0','0'),(943,'4','86','0','0','0'),(944,'3','86','0','0','0'),(945,'2','86','0','0','0'),(946,'1','86','0','0','1'),(947,'11','87','0','0','0'),(948,'10','87','0','0','0'),(949,'9','87','0','0','0'),(950,'8','87','0','0','0'),(951,'7','87','0','0','0'),(952,'6','87','0','0','0'),(953,'5','87','0','0','0'),(954,'4','87','0','0','0'),(955,'3','87','0','0','0'),(956,'2','87','0','0','0'),(957,'1','87','0','0','1'),(958,'11','88','0','0','0'),(959,'10','88','0','0','0'),(960,'9','88','0','0','0'),(961,'8','88','0','0','0'),(962,'7','88','0','0','0'),(963,'6','88','0','0','0'),(964,'5','88','0','0','0'),(965,'4','88','0','0','0'),(966,'3','88','0','0','0'),(967,'2','88','0','0','0'),(968,'1','88','0','0','1'),(969,'11','89','0','0','0'),(970,'10','89','0','0','0'),(971,'9','89','0','0','0'),(972,'8','89','0','0','0'),(973,'7','89','0','0','0'),(974,'6','89','0','0','0'),(975,'5','89','0','0','0'),(976,'4','89','0','0','0'),(977,'3','89','0','0','0'),(978,'2','89','0','0','0'),(979,'1','89','0','0','1'),(980,'11','90','0','0','0'),(981,'10','90','0','0','0'),(982,'9','90','0','0','0'),(983,'8','90','0','0','0'),(984,'7','90','0','0','0'),(985,'6','90','0','0','0'),(986,'5','90','0','0','0'),(987,'4','90','0','0','0'),(988,'3','90','0','0','0'),(989,'2','90','0','0','0'),(990,'1','90','0','0','1'),(991,'11','91','0','0','0'),(992,'10','91','0','0','0'),(993,'9','91','0','0','0'),(994,'8','91','0','0','0'),(995,'7','91','0','0','0'),(996,'6','91','0','0','0'),(997,'5','91','0','0','0'),(998,'4','91','0','0','0'),(999,'3','91','0','0','0'),(1000,'2','91','0','0','0'),(1001,'1','91','0','0','1'),(1002,'11','92','0','0','0'),(1003,'10','92','0','0','0'),(1004,'9','92','0','0','0'),(1005,'8','92','0','0','0'),(1006,'7','92','0','0','0'),(1007,'6','92','0','0','0'),(1008,'5','92','0','0','0'),(1009,'4','92','0','0','0'),(1010,'3','92','0','0','0'),(1011,'2','92','0','0','0'),(1012,'1','92','0','0','1'),(1013,'11','93','0','0','0'),(1014,'10','93','0','0','0'),(1015,'9','93','0','0','0'),(1016,'8','93','0','0','0'),(1017,'7','93','0','0','0'),(1018,'6','93','0','0','0'),(1019,'5','93','0','0','0'),(1020,'4','93','0','0','0'),(1021,'3','93','0','0','0'),(1022,'2','93','0','0','0'),(1023,'1','93','0','0','1'),(1024,'11','94','0','0','0'),(1025,'10','94','0','0','0'),(1026,'9','94','0','0','0'),(1027,'8','94','0','0','0'),(1028,'7','94','0','0','0'),(1029,'6','94','0','0','0'),(1030,'5','94','0','0','0'),(1031,'4','94','0','0','0'),(1032,'3','94','0','0','0'),(1033,'2','94','0','0','0'),(1034,'1','94','0','0','1'),(1035,'11','95','0','0','0'),(1036,'10','95','0','0','0'),(1037,'9','95','0','0','0'),(1038,'8','95','0','0','0'),(1039,'7','95','0','0','0'),(1040,'6','95','0','0','0'),(1041,'5','95','0','0','0'),(1042,'4','95','0','0','0'),(1043,'3','95','0','0','0'),(1044,'2','95','0','0','0'),(1045,'1','95','0','0','1'),(1046,'11','96','0','0','0'),(1047,'10','96','0','0','0'),(1048,'9','96','0','0','0'),(1049,'8','96','0','0','0'),(1050,'7','96','0','0','0'),(1051,'6','96','0','0','0'),(1052,'5','96','0','0','0'),(1053,'4','96','0','0','0'),(1054,'3','96','0','0','0'),(1055,'2','96','0','0','0'),(1056,'1','96','0','0','1'),(1057,'11','97','0','0','0'),(1058,'10','97','0','0','0'),(1059,'9','97','0','0','0'),(1060,'8','97','0','0','0'),(1061,'7','97','0','0','0'),(1062,'6','97','0','0','0'),(1063,'5','97','0','0','0'),(1064,'4','97','0','0','0'),(1065,'3','97','0','0','0'),(1066,'2','97','0','0','0'),(1067,'1','97','0','0','1'),(1068,'11','98','0','0','0'),(1069,'10','98','0','0','0'),(1070,'9','98','0','0','0'),(1071,'8','98','0','0','0'),(1072,'7','98','0','0','0'),(1073,'6','98','0','0','0'),(1074,'5','98','0','0','0'),(1075,'4','98','0','0','0'),(1076,'3','98','0','0','0'),(1077,'2','98','0','0','0'),(1078,'1','98','0','0','1'),(1079,'11','99','0','0','0'),(1080,'10','99','0','0','0'),(1081,'9','99','0','0','0'),(1082,'8','99','0','0','0'),(1083,'7','99','0','0','0'),(1084,'6','99','0','0','0'),(1085,'5','99','0','0','0'),(1086,'4','99','0','0','0'),(1087,'3','99','0','0','0'),(1088,'2','99','0','0','0'),(1089,'1','99','0','0','1'),(1090,'11','100','0','0','0'),(1091,'10','100','0','0','0'),(1092,'9','100','0','0','0'),(1093,'8','100','0','0','0'),(1094,'7','100','0','0','0'),(1095,'6','100','0','0','0'),(1096,'5','100','0','0','0'),(1097,'4','100','0','0','0'),(1098,'3','100','0','0','0'),(1099,'2','100','0','0','0'),(1100,'1','100','0','0','1'),(1101,'11','101','0','0','0'),(1102,'10','101','0','0','0'),(1103,'9','101','0','0','0'),(1104,'8','101','0','0','0'),(1105,'7','101','0','0','0'),(1106,'6','101','0','0','0'),(1107,'5','101','0','0','0'),(1108,'4','101','0','0','0'),(1109,'3','101','0','0','0'),(1110,'2','101','0','0','0'),(1111,'1','101','0','0','1'),(1112,'11','102','0','0','0'),(1113,'10','102','0','0','0'),(1114,'9','102','0','0','0'),(1115,'8','102','0','0','0'),(1116,'7','102','0','0','0'),(1117,'6','102','0','0','0'),(1118,'5','102','0','0','0'),(1119,'4','102','0','0','0'),(1120,'3','102','0','0','0'),(1121,'2','102','0','0','0'),(1122,'1','102','0','0','1'),(1123,'11','103','0','0','0'),(1124,'10','103','0','0','0'),(1125,'9','103','0','0','0'),(1126,'8','103','0','0','0'),(1127,'7','103','0','0','0'),(1128,'6','103','0','0','0'),(1129,'5','103','0','0','0'),(1130,'4','103','0','0','0'),(1131,'3','103','0','0','0'),(1132,'2','103','0','0','0'),(1133,'1','103','0','0','1'),(1134,'11','104','0','0','0'),(1135,'10','104','0','0','0'),(1136,'9','104','0','0','0'),(1137,'8','104','0','0','0'),(1138,'7','104','0','0','0'),(1139,'6','104','0','0','0'),(1140,'5','104','0','0','0'),(1141,'4','104','0','0','0'),(1142,'3','104','0','0','0'),(1143,'2','104','0','0','0'),(1144,'1','104','0','0','1'),(1145,'11','105','0','0','0'),(1146,'10','105','0','0','0'),(1147,'9','105','0','0','0'),(1148,'8','105','0','0','0'),(1149,'7','105','0','0','0'),(1150,'6','105','0','0','0'),(1151,'5','105','0','0','0'),(1152,'4','105','0','0','0'),(1153,'3','105','0','0','0'),(1154,'2','105','0','0','0'),(1155,'1','105','0','0','1'),(1156,'11','106','0','0','0'),(1157,'10','106','0','0','0'),(1158,'9','106','0','0','0'),(1159,'8','106','0','0','0'),(1160,'7','106','0','0','0'),(1161,'6','106','0','0','0'),(1162,'5','106','0','0','0'),(1163,'4','106','0','0','0'),(1164,'3','106','0','0','0'),(1165,'2','106','0','0','0'),(1166,'1','106','0','0','1'),(1167,'11','107','0','0','0'),(1168,'10','107','0','0','0'),(1169,'9','107','0','0','0'),(1170,'8','107','0','0','0'),(1171,'7','107','0','0','0'),(1172,'6','107','0','0','0'),(1173,'5','107','0','0','0'),(1174,'4','107','0','0','0'),(1175,'3','107','0','0','0'),(1176,'2','107','0','0','0'),(1177,'1','107','0','0','1'),(1178,'11','108','0','0','0'),(1179,'10','108','0','0','0'),(1180,'9','108','0','0','0'),(1181,'8','108','0','0','0'),(1182,'7','108','0','0','0'),(1183,'6','108','0','0','0'),(1184,'5','108','0','0','0'),(1185,'4','108','0','0','0'),(1186,'3','108','0','0','0'),(1187,'2','108','0','0','0'),(1188,'1','108','0','0','1'),(1189,'11','109','0','0','0'),(1190,'10','109','0','0','0'),(1191,'9','109','0','0','0'),(1192,'8','109','0','0','0'),(1193,'7','109','0','0','0'),(1194,'6','109','0','0','0'),(1195,'5','109','0','0','0'),(1196,'4','109','0','0','0'),(1197,'3','109','0','0','0'),(1198,'2','109','0','0','0'),(1199,'1','109','0','0','1'),(1200,'11','110','0','0','0'),(1201,'10','110','0','0','0'),(1202,'9','110','0','0','0'),(1203,'8','110','0','0','0'),(1204,'7','110','0','0','0'),(1205,'6','110','0','0','0'),(1206,'5','110','0','0','0'),(1207,'4','110','0','0','0'),(1208,'3','110','0','0','0'),(1209,'2','110','0','0','0'),(1210,'1','110','0','0','1'),(1211,'11','111','0','0','0'),(1212,'10','111','0','0','0'),(1213,'9','111','0','0','0'),(1214,'8','111','0','0','0'),(1215,'7','111','0','0','0'),(1216,'6','111','0','0','0'),(1217,'5','111','0','0','0'),(1218,'4','111','0','0','0'),(1219,'3','111','0','0','0'),(1220,'2','111','0','0','0'),(1221,'1','111','0','0','1'),(1222,'11','112','0','0','0'),(1223,'10','112','0','0','0'),(1224,'9','112','0','0','0'),(1225,'8','112','0','0','0'),(1226,'7','112','0','0','0'),(1227,'6','112','0','0','0'),(1228,'5','112','0','0','0'),(1229,'4','112','0','0','0'),(1230,'3','112','0','0','0'),(1231,'2','112','0','0','0'),(1232,'1','112','0','0','1'),(1233,'11','113','0','0','0'),(1234,'10','113','0','0','0'),(1235,'9','113','0','0','0'),(1236,'8','113','0','0','0'),(1237,'7','113','0','0','0'),(1238,'6','113','0','0','0'),(1239,'5','113','0','0','0'),(1240,'4','113','0','0','0'),(1241,'3','113','0','0','0'),(1242,'2','113','0','0','0'),(1243,'1','113','0','0','1'),(1244,'11','114','0','0','0'),(1245,'10','114','0','0','0'),(1246,'9','114','0','0','0'),(1247,'8','114','0','0','0'),(1248,'7','114','0','0','0'),(1249,'6','114','0','0','0'),(1250,'5','114','0','0','0'),(1251,'4','114','0','0','0'),(1252,'3','114','0','0','0'),(1253,'2','114','0','0','0'),(1254,'1','114','0','0','1'),(1255,'11','115','0','0','0'),(1256,'10','115','0','0','0'),(1257,'9','115','0','0','0'),(1258,'8','115','0','0','0'),(1259,'7','115','0','0','0'),(1260,'6','115','0','0','0'),(1261,'5','115','0','0','0'),(1262,'4','115','0','0','0'),(1263,'3','115','0','0','0'),(1264,'2','115','0','0','0'),(1265,'1','115','0','0','1'),(1266,'11','116','0','0','0'),(1267,'10','116','0','0','0'),(1268,'9','116','0','0','0'),(1269,'8','116','0','0','0'),(1270,'7','116','0','0','0'),(1271,'6','116','0','0','0'),(1272,'5','116','0','0','0'),(1273,'4','116','0','0','0'),(1274,'3','116','0','0','0'),(1275,'2','116','0','0','0'),(1276,'1','116','0','0','1'),(1277,'11','117','0','0','0'),(1278,'10','117','0','0','0'),(1279,'9','117','0','0','0'),(1280,'8','117','0','0','0'),(1281,'7','117','0','0','0'),(1282,'6','117','0','0','0'),(1283,'5','117','0','0','0'),(1284,'4','117','0','0','0'),(1285,'3','117','0','0','0'),(1286,'2','117','0','0','0'),(1287,'1','117','0','0','1'),(1288,'11','118','0','0','0'),(1289,'10','118','0','0','0'),(1290,'9','118','0','0','0'),(1291,'8','118','0','0','0'),(1292,'7','118','0','0','0'),(1293,'6','118','0','0','0'),(1294,'5','118','0','0','0'),(1295,'4','118','0','0','0'),(1296,'3','118','0','0','0'),(1297,'2','118','0','0','0'),(1298,'1','118','0','0','1'),(1299,'11','119','0','0','0'),(1300,'10','119','0','0','0'),(1301,'9','119','0','0','0'),(1302,'8','119','0','0','0'),(1303,'7','119','0','0','0'),(1304,'6','119','0','0','0'),(1305,'5','119','0','0','0'),(1306,'4','119','0','0','0'),(1307,'3','119','0','0','0'),(1308,'2','119','0','0','0'),(1309,'1','119','0','0','1'),(1310,'11','120','0','0','0'),(1311,'10','120','0','0','0'),(1312,'9','120','0','0','0'),(1313,'8','120','0','0','0'),(1314,'7','120','0','0','0'),(1315,'6','120','0','0','0'),(1316,'5','120','0','0','0'),(1317,'4','120','0','0','0'),(1318,'3','120','0','0','0'),(1319,'2','120','0','0','0'),(1320,'1','120','0','0','1'),(1321,'11','121','0','0','0'),(1322,'10','121','0','0','0'),(1323,'9','121','0','0','0'),(1324,'8','121','0','0','0'),(1325,'7','121','0','0','0'),(1326,'6','121','0','0','0'),(1327,'5','121','0','0','0'),(1328,'4','121','0','0','0'),(1329,'3','121','0','0','0'),(1330,'2','121','0','0','0'),(1331,'1','121','0','0','1'),(1332,'11','122','0','0','0'),(1333,'10','122','0','0','0'),(1334,'9','122','0','0','0'),(1335,'8','122','0','0','0'),(1336,'7','122','0','0','0'),(1337,'6','122','0','0','0'),(1338,'5','122','0','0','0'),(1339,'4','122','0','0','0'),(1340,'3','122','0','0','0'),(1341,'2','122','0','0','0'),(1342,'1','122','0','0','1'),(1343,'11','123','0','0','0'),(1344,'10','123','0','0','0'),(1345,'9','123','0','0','0'),(1346,'8','123','0','0','0'),(1347,'7','123','0','0','0'),(1348,'6','123','0','0','0'),(1349,'5','123','0','0','0'),(1350,'4','123','0','0','0'),(1351,'3','123','0','0','0'),(1352,'2','123','0','0','0'),(1353,'1','123','0','0','1'),(1354,'11','124','0','0','0'),(1355,'10','124','0','0','0'),(1356,'9','124','0','0','0'),(1357,'8','124','0','0','0'),(1358,'7','124','0','0','0'),(1359,'6','124','0','0','0'),(1360,'5','124','0','0','0'),(1361,'4','124','0','0','0'),(1362,'3','124','0','0','0'),(1363,'2','124','0','0','0'),(1364,'1','124','0','0','1'),(1365,'11','125','0','0','0'),(1366,'10','125','0','0','0'),(1367,'9','125','0','0','0'),(1368,'8','125','0','0','0'),(1369,'7','125','0','0','0'),(1370,'6','125','0','0','0'),(1371,'5','125','0','0','0'),(1372,'4','125','0','0','0'),(1373,'3','125','0','0','0'),(1374,'2','125','0','0','0'),(1375,'1','125','0','0','1'),(1376,'11','126','0','0','0'),(1377,'10','126','0','0','0'),(1378,'9','126','0','0','0'),(1379,'8','126','0','0','0'),(1380,'7','126','0','0','0'),(1381,'6','126','0','0','0'),(1382,'5','126','0','0','0'),(1383,'4','126','0','0','0'),(1384,'3','126','0','0','0'),(1385,'2','126','0','0','0'),(1386,'1','126','0','0','1'),(1387,'11','127','0','0','0'),(1388,'10','127','0','0','0'),(1389,'9','127','0','0','0'),(1390,'8','127','0','0','0'),(1391,'7','127','0','0','0'),(1392,'6','127','0','0','0'),(1393,'5','127','0','0','0'),(1394,'4','127','0','0','0'),(1395,'3','127','0','0','0'),(1396,'2','127','0','0','0'),(1397,'1','127','0','0','1'),(1398,'11','128','0','0','0'),(1399,'10','128','0','0','0'),(1400,'9','128','0','0','0'),(1401,'8','128','0','0','0'),(1402,'7','128','0','0','0'),(1403,'6','128','0','0','0'),(1404,'5','128','0','0','0'),(1405,'4','128','0','0','0'),(1406,'3','128','0','0','0'),(1407,'2','128','0','0','0'),(1408,'1','128','0','0','1'),(1409,'11','129','0','0','0'),(1410,'10','129','0','0','0'),(1411,'9','129','0','0','0'),(1412,'8','129','0','0','0'),(1413,'7','129','0','0','0'),(1414,'6','129','0','0','0'),(1415,'5','129','0','0','0'),(1416,'4','129','0','0','0'),(1417,'3','129','0','0','0'),(1418,'2','129','0','0','0'),(1419,'1','129','0','0','1'),(1420,'11','130','0','0','0'),(1421,'10','130','0','0','0'),(1422,'9','130','0','0','0'),(1423,'8','130','0','0','0'),(1424,'7','130','0','0','0'),(1425,'6','130','0','0','0'),(1426,'5','130','0','0','0'),(1427,'4','130','0','0','0'),(1428,'3','130','0','0','0'),(1429,'2','130','0','0','0'),(1430,'1','130','0','0','1'),(1431,'11','131','0','0','0'),(1432,'10','131','0','0','0'),(1433,'9','131','0','0','0'),(1434,'8','131','0','0','0'),(1435,'7','131','0','0','0'),(1436,'6','131','0','0','0'),(1437,'5','131','0','0','0'),(1438,'4','131','0','0','0'),(1439,'3','131','0','0','0'),(1440,'2','131','0','0','0'),(1441,'1','131','0','0','1'),(1442,'11','132','0','0','0'),(1443,'10','132','0','0','0'),(1444,'9','132','0','0','0'),(1445,'8','132','0','0','0'),(1446,'7','132','0','0','0'),(1447,'6','132','0','0','0'),(1448,'5','132','0','0','0'),(1449,'4','132','0','0','0'),(1450,'3','132','0','0','0'),(1451,'2','132','0','0','0'),(1452,'1','132','0','0','1'),(1453,'11','133','0','0','0'),(1454,'10','133','0','0','0'),(1455,'9','133','0','0','0'),(1456,'8','133','0','0','0'),(1457,'7','133','0','0','0'),(1458,'6','133','0','0','0'),(1459,'5','133','0','0','0'),(1460,'4','133','0','0','0'),(1461,'3','133','0','0','0'),(1462,'2','133','0','0','0'),(1463,'1','133','0','0','1'),(1464,'11','134','0','0','0'),(1465,'10','134','0','0','0'),(1466,'9','134','0','0','0'),(1467,'8','134','0','0','0'),(1468,'7','134','0','0','0'),(1469,'6','134','0','0','0'),(1470,'5','134','0','0','0'),(1471,'4','134','0','0','0'),(1472,'3','134','0','0','0'),(1473,'2','134','0','0','0'),(1474,'1','134','0','0','1'),(1475,'11','135','0','0','0'),(1476,'10','135','0','0','0'),(1477,'9','135','0','0','0'),(1478,'8','135','0','0','0'),(1479,'7','135','0','0','0'),(1480,'6','135','0','0','0'),(1481,'5','135','0','0','0'),(1482,'4','135','0','0','0'),(1483,'3','135','0','0','0'),(1484,'2','135','0','0','0'),(1485,'1','135','0','0','1'),(1486,'11','136','0','0','0'),(1487,'10','136','0','0','0'),(1488,'9','136','0','0','0'),(1489,'8','136','0','0','0'),(1490,'7','136','0','0','0'),(1491,'6','136','0','0','0'),(1492,'5','136','0','0','0'),(1493,'4','136','0','0','0'),(1494,'3','136','0','0','0'),(1495,'2','136','0','0','0'),(1496,'1','136','0','0','1'),(1497,'11','137','0','0','0'),(1498,'10','137','0','0','0'),(1499,'9','137','0','0','0'),(1500,'8','137','0','0','0'),(1501,'7','137','0','0','0'),(1502,'6','137','0','0','0'),(1503,'5','137','0','0','0'),(1504,'4','137','0','0','0'),(1505,'3','137','0','0','0'),(1506,'2','137','0','0','0'),(1507,'1','137','0','0','1'),(1508,'11','138','0','0','0'),(1509,'10','138','0','0','0'),(1510,'9','138','0','0','0'),(1511,'8','138','0','0','0'),(1512,'7','138','0','0','0'),(1513,'6','138','0','0','0'),(1514,'5','138','0','0','0'),(1515,'4','138','0','0','0'),(1516,'3','138','0','0','0'),(1517,'2','138','0','0','0'),(1518,'1','138','0','0','1'),(1519,'11','139','0','0','0'),(1520,'10','139','0','0','0'),(1521,'9','139','0','0','0'),(1522,'8','139','0','0','0'),(1523,'7','139','0','0','0'),(1524,'6','139','0','0','0'),(1525,'5','139','0','0','0'),(1526,'4','139','0','0','0'),(1527,'3','139','0','0','0'),(1528,'2','139','0','0','0'),(1529,'1','139','0','0','1'),(1530,'11','140','0','0','0'),(1531,'10','140','0','0','0'),(1532,'9','140','0','0','0'),(1533,'8','140','0','0','0'),(1534,'7','140','0','0','0'),(1535,'6','140','0','0','0'),(1536,'5','140','0','0','0'),(1537,'4','140','0','0','0'),(1538,'3','140','0','0','0'),(1539,'2','140','0','0','0'),(1540,'1','140','0','0','1'),(1541,'11','141','0','0','0'),(1542,'10','141','0','0','0'),(1543,'9','141','0','0','0'),(1544,'8','141','0','0','0'),(1545,'7','141','0','0','0'),(1546,'6','141','0','0','0'),(1547,'5','141','0','0','0'),(1548,'4','141','0','0','0'),(1549,'3','141','0','0','0'),(1550,'2','141','0','0','0'),(1551,'1','141','0','0','1'),(1552,'11','142','0','0','0'),(1553,'10','142','0','0','0'),(1554,'9','142','0','0','0'),(1555,'8','142','0','0','0'),(1556,'7','142','0','0','0'),(1557,'6','142','0','0','0'),(1558,'5','142','0','0','0'),(1559,'4','142','0','0','0'),(1560,'3','142','0','0','0'),(1561,'2','142','0','0','0'),(1562,'1','142','0','0','1'),(1563,'11','143','0','0','0'),(1564,'10','143','0','0','0'),(1565,'9','143','0','0','0'),(1566,'8','143','0','0','0'),(1567,'7','143','0','0','0'),(1568,'6','143','0','0','0'),(1569,'5','143','0','0','0'),(1570,'4','143','0','0','0'),(1571,'3','143','0','0','0'),(1572,'2','143','0','0','0'),(1573,'1','143','0','0','1'),(1574,'11','144','0','0','0'),(1575,'10','144','0','0','0'),(1576,'9','144','0','0','0'),(1577,'8','144','0','0','0'),(1578,'7','144','0','0','0'),(1579,'6','144','0','0','0'),(1580,'5','144','0','0','0'),(1581,'4','144','0','0','0'),(1582,'3','144','0','0','0'),(1583,'2','144','0','0','0'),(1584,'1','144','1','0','1'),(1585,'11','145','0','0','0'),(1586,'10','145','0','0','0'),(1587,'9','145','0','0','0'),(1588,'8','145','0','0','0'),(1589,'7','145','0','0','0'),(1590,'6','145','0','0','0'),(1591,'5','145','0','0','0'),(1592,'4','145','0','0','0'),(1593,'3','145','0','0','0'),(1594,'2','145','0','0','0'),(1595,'1','145','0','0','1'),(1596,'11','146','0','0','0'),(1597,'10','146','0','0','0'),(1598,'9','146','0','0','0'),(1599,'8','146','0','0','0'),(1600,'7','146','0','0','0'),(1601,'6','146','0','0','0'),(1602,'5','146','0','0','0'),(1603,'4','146','0','0','0'),(1604,'3','146','0','0','0'),(1605,'2','146','0','0','0'),(1606,'1','146','0','0','1'),(1607,'11','147','0','0','0'),(1608,'10','147','0','0','0'),(1609,'9','147','0','0','0'),(1610,'8','147','0','0','0'),(1611,'7','147','0','0','0'),(1612,'6','147','0','0','0'),(1613,'5','147','0','0','0'),(1614,'4','147','0','0','0'),(1615,'3','147','0','0','0'),(1616,'2','147','0','0','0'),(1617,'1','147','0','0','1'),(1618,'11','148','0','0','0'),(1619,'10','148','0','0','0'),(1620,'9','148','0','0','0'),(1621,'8','148','0','0','0'),(1622,'7','148','0','0','0'),(1623,'6','148','0','0','0'),(1624,'5','148','0','0','0'),(1625,'4','148','0','0','0'),(1626,'3','148','0','0','0'),(1627,'2','148','0','0','0'),(1628,'1','148','0','0','1'),(1629,'11','149','0','0','0'),(1630,'10','149','0','0','0'),(1631,'9','149','0','0','0'),(1632,'8','149','0','0','0'),(1633,'7','149','0','0','0'),(1634,'6','149','0','0','0'),(1635,'5','149','0','0','0'),(1636,'4','149','0','0','0'),(1637,'3','149','0','0','0'),(1638,'2','149','0','0','0'),(1639,'1','149','0','0','1'),(1640,'11','150','0','0','0'),(1641,'10','150','0','0','0'),(1642,'9','150','0','0','0'),(1643,'8','150','0','0','0'),(1644,'7','150','0','0','0'),(1645,'6','150','0','0','0'),(1646,'5','150','0','0','0'),(1647,'4','150','0','0','0'),(1648,'3','150','0','0','0'),(1649,'2','150','0','0','0'),(1650,'1','150','1','0','1'),(1651,'11','151','0','0','0'),(1652,'10','151','0','0','0'),(1653,'9','151','0','0','0'),(1654,'8','151','0','0','0'),(1655,'7','151','0','0','0'),(1656,'6','151','0','0','0'),(1657,'5','151','0','0','0'),(1658,'4','151','0','0','0'),(1659,'3','151','0','0','0'),(1660,'2','151','0','0','0'),(1661,'1','151','1','0','1'),(1662,'11','152','0','0','0'),(1663,'10','152','0','0','0'),(1664,'9','152','0','0','0'),(1665,'8','152','0','0','0'),(1666,'7','152','0','0','0'),(1667,'6','152','0','0','0'),(1668,'5','152','0','0','0'),(1669,'4','152','0','0','0'),(1670,'3','152','0','0','0'),(1671,'2','152','0','0','0'),(1672,'1','152','1','0','1'),(1673,'11','153','0','0','0'),(1674,'10','153','0','0','0'),(1675,'9','153','0','0','0'),(1676,'8','153','0','0','0'),(1677,'7','153','0','0','0'),(1678,'6','153','0','0','0'),(1679,'5','153','0','0','0'),(1680,'4','153','0','0','0'),(1681,'3','153','0','0','0'),(1682,'2','153','0','0','0'),(1683,'1','153','0','0','1'),(1684,'11','154','0','0','0'),(1685,'10','154','0','0','0'),(1686,'9','154','0','0','0'),(1687,'8','154','0','0','0'),(1688,'7','154','0','0','0'),(1689,'6','154','0','0','0'),(1690,'5','154','0','0','0'),(1691,'4','154','0','0','0'),(1692,'3','154','0','0','0'),(1693,'2','154','0','0','0'),(1694,'1','154','0','0','1'),(1695,'11','155','0','0','0'),(1696,'10','155','0','0','0'),(1697,'9','155','0','0','0'),(1698,'8','155','0','0','0'),(1699,'7','155','0','0','0'),(1700,'6','155','0','0','0'),(1701,'5','155','0','0','0'),(1702,'4','155','0','0','0'),(1703,'3','155','0','0','0'),(1704,'2','155','0','0','0'),(1705,'1','155','0','0','1'),(1706,'11','156','0','0','0'),(1707,'10','156','0','0','0'),(1708,'9','156','0','0','0'),(1709,'8','156','0','0','0'),(1710,'7','156','0','0','0'),(1711,'6','156','0','0','0'),(1712,'5','156','0','0','0'),(1713,'4','156','0','0','0'),(1714,'3','156','0','0','0'),(1715,'2','156','0','0','0'),(1716,'1','156','1','0','1'),(1717,'11','157','0','0','0'),(1718,'10','157','0','0','0'),(1719,'9','157','0','0','0'),(1720,'8','157','0','0','0'),(1721,'7','157','0','0','0'),(1722,'6','157','0','0','0'),(1723,'5','157','0','0','0'),(1724,'4','157','0','0','0'),(1725,'3','157','0','0','0'),(1726,'2','157','0','0','0'),(1727,'1','157','0','0','1'),(1728,'11','158','0','0','0'),(1729,'10','158','0','0','0'),(1730,'9','158','0','0','0'),(1731,'8','158','0','0','0'),(1732,'7','158','0','0','0'),(1733,'6','158','0','0','0'),(1734,'5','158','0','0','0'),(1735,'4','158','0','0','0'),(1736,'3','158','0','0','0'),(1737,'2','158','0','0','0'),(1738,'1','158','1','0','1'),(1739,'11','159','0','0','0'),(1740,'10','159','0','0','0'),(1741,'9','159','0','0','0'),(1742,'8','159','0','0','0'),(1743,'7','159','0','0','0'),(1744,'6','159','0','0','0'),(1745,'5','159','0','0','0'),(1746,'4','159','0','0','0'),(1747,'3','159','0','0','0'),(1748,'2','159','0','0','0'),(1749,'1','159','0','0','1'),(1750,'11','160','0','0','0'),(1751,'10','160','0','0','0'),(1752,'9','160','0','0','0'),(1753,'8','160','0','0','0'),(1754,'7','160','0','0','0'),(1755,'6','160','0','0','0'),(1756,'5','160','0','0','0'),(1757,'4','160','0','0','0'),(1758,'3','160','0','0','0'),(1759,'2','160','0','0','0'),(1760,'1','160','0','0','1'),(1761,'11','161','0','0','0'),(1762,'10','161','0','0','0'),(1763,'9','161','0','0','0'),(1764,'8','161','0','0','0'),(1765,'7','161','0','0','0'),(1766,'6','161','0','0','0'),(1767,'5','161','0','0','0'),(1768,'4','161','0','0','0'),(1769,'3','161','0','0','0'),(1770,'2','161','0','0','0'),(1771,'1','161','0','0','1'),(1772,'11','162','0','0','0'),(1773,'10','162','0','0','0'),(1774,'9','162','0','0','0'),(1775,'8','162','0','0','0'),(1776,'7','162','0','0','0'),(1777,'6','162','0','0','0'),(1778,'5','162','0','0','0'),(1779,'4','162','0','0','0'),(1780,'3','162','0','0','0'),(1781,'2','162','0','0','0'),(1782,'1','162','0','0','1'),(1783,'11','163','0','0','0'),(1784,'10','163','0','0','0'),(1785,'9','163','0','0','0'),(1786,'8','163','0','0','0'),(1787,'7','163','0','0','0'),(1788,'6','163','0','0','0'),(1789,'5','163','0','0','0'),(1790,'4','163','0','0','0'),(1791,'3','163','0','0','0'),(1792,'2','163','0','0','0'),(1793,'1','163','0','0','1'),(1794,'11','164','0','0','0'),(1795,'10','164','0','0','0'),(1796,'9','164','0','0','0'),(1797,'8','164','0','0','0'),(1798,'7','164','0','0','0'),(1799,'6','164','0','0','0'),(1800,'5','164','0','0','0'),(1801,'4','164','0','0','0'),(1802,'3','164','0','0','0'),(1803,'2','164','0','0','0'),(1804,'1','164','0','0','1'),(1805,'11','165','0','0','0'),(1806,'10','165','0','0','0'),(1807,'9','165','0','0','0'),(1808,'8','165','0','0','0'),(1809,'7','165','0','0','0'),(1810,'6','165','0','0','0'),(1811,'5','165','0','0','0'),(1812,'4','165','0','0','0'),(1813,'3','165','0','0','0'),(1814,'2','165','0','0','0'),(1815,'1','165','0','0','1'),(1816,'11','166','0','0','0'),(1817,'10','166','0','0','0'),(1818,'9','166','0','0','0'),(1819,'8','166','0','0','0'),(1820,'7','166','0','0','0'),(1821,'6','166','0','0','0'),(1822,'5','166','0','0','0'),(1823,'4','166','0','0','0'),(1824,'3','166','0','0','0'),(1825,'2','166','0','0','0'),(1826,'1','166','0','0','1'),(1827,'11','167','0','0','0'),(1828,'10','167','0','0','0'),(1829,'9','167','0','0','0'),(1830,'8','167','0','0','0'),(1831,'7','167','0','0','0'),(1832,'6','167','0','0','0'),(1833,'5','167','0','0','0'),(1834,'4','167','0','0','0'),(1835,'3','167','0','0','0'),(1836,'2','167','0','0','0'),(1837,'1','167','0','0','1'),(1838,'11','168','0','0','0'),(1839,'10','168','0','0','0'),(1840,'9','168','0','0','0'),(1841,'8','168','0','0','0'),(1842,'7','168','0','0','0'),(1843,'6','168','0','0','0'),(1844,'5','168','0','0','0'),(1845,'4','168','0','0','0'),(1846,'3','168','0','0','0'),(1847,'2','168','0','0','0'),(1848,'1','168','0','0','1'),(1849,'11','169','0','0','0'),(1850,'10','169','0','0','0'),(1851,'9','169','0','0','0'),(1852,'8','169','0','0','0'),(1853,'7','169','0','0','0'),(1854,'6','169','0','0','0'),(1855,'5','169','0','0','0'),(1856,'4','169','0','0','0'),(1857,'3','169','0','0','0'),(1858,'2','169','0','0','0'),(1859,'1','169','0','0','1'),(1860,'11','170','0','0','0'),(1861,'10','170','0','0','0'),(1862,'9','170','0','0','0'),(1863,'8','170','0','0','0'),(1864,'7','170','0','0','0'),(1865,'6','170','0','0','0'),(1866,'5','170','0','0','0'),(1867,'4','170','0','0','0'),(1868,'3','170','0','0','0'),(1869,'2','170','0','0','0'),(1870,'1','170','0','0','1'),(1871,'11','171','0','0','0'),(1872,'10','171','0','0','0'),(1873,'9','171','0','0','0'),(1874,'8','171','0','0','0'),(1875,'7','171','0','0','0'),(1876,'6','171','0','0','0'),(1877,'5','171','0','0','0'),(1878,'4','171','0','0','0'),(1879,'3','171','0','0','0'),(1880,'2','171','0','0','0'),(1881,'1','171','0','0','1'),(1882,'11','172','0','0','0'),(1883,'10','172','0','0','0'),(1884,'9','172','0','0','0'),(1885,'8','172','0','0','0'),(1886,'7','172','0','0','0'),(1887,'6','172','0','0','0'),(1888,'5','172','0','0','0'),(1889,'4','172','0','0','0'),(1890,'3','172','0','0','0'),(1891,'2','172','0','0','0'),(1892,'1','172','0','0','1'),(1893,'11','173','0','0','0'),(1894,'10','173','0','0','0'),(1895,'9','173','0','0','0'),(1896,'8','173','0','0','0'),(1897,'7','173','0','0','0'),(1898,'6','173','0','0','0'),(1899,'5','173','0','0','0'),(1900,'4','173','0','0','0'),(1901,'3','173','0','0','0'),(1902,'2','173','0','0','0'),(1903,'1','173','0','0','1'),(1904,'11','174','0','0','0'),(1905,'10','174','0','0','0'),(1906,'9','174','0','0','0'),(1907,'8','174','0','0','0'),(1908,'7','174','0','0','0'),(1909,'6','174','0','0','0'),(1910,'5','174','0','0','0'),(1911,'4','174','0','0','0'),(1912,'3','174','0','0','0'),(1913,'2','174','0','0','0'),(1914,'1','174','0','0','1'),(1915,'11','175','0','0','0'),(1916,'10','175','0','0','0'),(1917,'9','175','0','0','0'),(1918,'8','175','0','0','0'),(1919,'7','175','0','0','0'),(1920,'6','175','0','0','0'),(1921,'5','175','0','0','0'),(1922,'4','175','0','0','0'),(1923,'3','175','0','0','0'),(1924,'2','175','0','0','0'),(1925,'1','175','0','0','1'),(1926,'11','176','0','0','0'),(1927,'10','176','0','0','0'),(1928,'9','176','0','0','0'),(1929,'8','176','0','0','0'),(1930,'7','176','0','0','0'),(1931,'6','176','0','0','0'),(1932,'5','176','0','0','0'),(1933,'4','176','0','0','0'),(1934,'3','176','0','0','0'),(1935,'2','176','0','0','0'),(1936,'1','176','0','0','1'),(1937,'11','177','0','0','0'),(1938,'10','177','0','0','0'),(1939,'9','177','0','0','0'),(1940,'8','177','0','0','0'),(1941,'7','177','0','0','0'),(1942,'6','177','0','0','0'),(1943,'5','177','0','0','0'),(1944,'4','177','0','0','0'),(1945,'3','177','0','0','0'),(1946,'2','177','0','0','0'),(1947,'1','177','0','0','1'),(1948,'11','178','0','0','0'),(1949,'10','178','0','0','0'),(1950,'9','178','0','0','0'),(1951,'8','178','0','0','0'),(1952,'7','178','0','0','0'),(1953,'6','178','0','0','0'),(1954,'5','178','0','0','0'),(1955,'4','178','0','0','0'),(1956,'3','178','0','0','0'),(1957,'2','178','0','0','0'),(1958,'1','178','0','0','1'),(1959,'11','179','0','0','0'),(1960,'10','179','0','0','0'),(1961,'9','179','0','0','0'),(1962,'8','179','0','0','0'),(1963,'7','179','0','0','0'),(1964,'6','179','0','0','0'),(1965,'5','179','0','0','0'),(1966,'4','179','0','0','0'),(1967,'3','179','0','0','0'),(1968,'2','179','0','0','0'),(1969,'1','179','0','0','1'),(1970,'11','180','0','0','0'),(1971,'10','180','0','0','0'),(1972,'9','180','0','0','0'),(1973,'8','180','0','0','0'),(1974,'7','180','0','0','0'),(1975,'6','180','0','0','0'),(1976,'5','180','0','0','0'),(1977,'4','180','0','0','0'),(1978,'3','180','0','0','0'),(1979,'2','180','0','0','0'),(1980,'1','180','0','0','1'),(1981,'11','181','0','0','0'),(1982,'10','181','0','0','0'),(1983,'9','181','0','0','0'),(1984,'8','181','0','0','0'),(1985,'7','181','0','0','0'),(1986,'6','181','0','0','0'),(1987,'5','181','0','0','0'),(1988,'4','181','0','0','0'),(1989,'3','181','0','0','0'),(1990,'2','181','0','0','0'),(1991,'1','181','0','0','1'),(1992,'11','182','0','0','0'),(1993,'10','182','0','0','0'),(1994,'9','182','0','0','0'),(1995,'8','182','0','0','0'),(1996,'7','182','0','0','0'),(1997,'6','182','0','0','0'),(1998,'5','182','0','0','0'),(1999,'4','182','0','0','0'),(2000,'3','182','0','0','0'),(2001,'2','182','0','0','0'),(2002,'1','182','0','0','1'),(2003,'11','183','0','0','0'),(2004,'10','183','0','0','0'),(2005,'9','183','0','0','0'),(2006,'8','183','0','0','0'),(2007,'7','183','0','0','0'),(2008,'6','183','0','0','0'),(2009,'5','183','0','0','0'),(2010,'4','183','0','0','0'),(2011,'3','183','0','0','0'),(2012,'2','183','0','0','0'),(2013,'1','183','0','0','1'),(2014,'11','184','0','0','0'),(2015,'10','184','0','0','0'),(2016,'9','184','0','0','0'),(2017,'8','184','0','0','0'),(2018,'7','184','0','0','0'),(2019,'6','184','0','0','0'),(2020,'5','184','0','0','0'),(2021,'4','184','0','0','0'),(2022,'3','184','0','0','0'),(2023,'2','184','0','0','0'),(2024,'1','184','0','0','1'),(2025,'11','185','0','0','0'),(2026,'10','185','0','0','0'),(2027,'9','185','0','0','0'),(2028,'8','185','0','0','0'),(2029,'7','185','0','0','0'),(2030,'6','185','0','0','0'),(2031,'5','185','0','0','0'),(2032,'4','185','0','0','0'),(2033,'3','185','0','0','0'),(2034,'2','185','0','0','0'),(2035,'1','185','0','0','1'),(2036,'11','186','0','0','0'),(2037,'10','186','0','0','0'),(2038,'9','186','0','0','0'),(2039,'8','186','0','0','0'),(2040,'7','186','0','0','0'),(2041,'6','186','0','0','0'),(2042,'5','186','0','0','0'),(2043,'4','186','0','0','0'),(2044,'3','186','0','0','0'),(2045,'2','186','0','0','0'),(2046,'1','186','0','0','1'),(2047,'11','187','0','0','0'),(2048,'10','187','0','0','0'),(2049,'9','187','0','0','0'),(2050,'8','187','0','0','0'),(2051,'7','187','0','0','0'),(2052,'6','187','0','0','0'),(2053,'5','187','0','0','0'),(2054,'4','187','0','0','0'),(2055,'3','187','0','0','0'),(2056,'2','187','0','0','0'),(2057,'1','187','0','0','1'),(2058,'11','188','0','0','0'),(2059,'10','188','0','0','0'),(2060,'9','188','0','0','0'),(2061,'8','188','0','0','0'),(2062,'7','188','0','0','0'),(2063,'6','188','0','0','0'),(2064,'5','188','0','0','0'),(2065,'4','188','0','0','0'),(2066,'3','188','0','0','0'),(2067,'2','188','0','0','0'),(2068,'1','188','0','0','1'),(2069,'11','189','0','0','0'),(2070,'10','189','0','0','0'),(2071,'9','189','0','0','0'),(2072,'8','189','0','0','0'),(2073,'7','189','0','0','0'),(2074,'6','189','0','0','0'),(2075,'5','189','0','0','0'),(2076,'4','189','0','0','0'),(2077,'3','189','0','0','0'),(2078,'2','189','0','0','0'),(2079,'1','189','0','0','1'),(2080,'11','190','0','0','0'),(2081,'10','190','0','0','0'),(2082,'9','190','0','0','0'),(2083,'8','190','0','0','0'),(2084,'7','190','0','0','0'),(2085,'6','190','0','0','0'),(2086,'5','190','0','0','0'),(2087,'4','190','0','0','0'),(2088,'3','190','0','0','0'),(2089,'2','190','0','0','0'),(2090,'1','190','0','0','1'),(2091,'11','191','0','0','0'),(2092,'10','191','0','0','0'),(2093,'9','191','0','0','0'),(2094,'8','191','0','0','0'),(2095,'7','191','0','0','0'),(2096,'6','191','0','0','0'),(2097,'5','191','0','0','0'),(2098,'4','191','0','0','0'),(2099,'3','191','0','0','0'),(2100,'2','191','0','0','0'),(2101,'1','191','0','0','1'),(2102,'11','192','0','0','0'),(2103,'10','192','0','0','0'),(2104,'9','192','0','0','0'),(2105,'8','192','0','0','0'),(2106,'7','192','0','0','0'),(2107,'6','192','0','0','0'),(2108,'5','192','0','0','0'),(2109,'4','192','0','0','0'),(2110,'3','192','0','0','0'),(2111,'2','192','0','0','0'),(2112,'1','192','0','0','1'),(2113,'11','193','0','0','0'),(2114,'10','193','0','0','0'),(2115,'9','193','0','0','0'),(2116,'8','193','0','0','0'),(2117,'7','193','0','0','0'),(2118,'6','193','0','0','0'),(2119,'5','193','0','0','0'),(2120,'4','193','0','0','0'),(2121,'3','193','0','0','0'),(2122,'2','193','0','0','0'),(2123,'1','193','0','0','1'),(2124,'11','194','0','0','0'),(2125,'10','194','0','0','0'),(2126,'9','194','0','0','0'),(2127,'8','194','0','0','0'),(2128,'7','194','0','0','0'),(2129,'6','194','0','0','0'),(2130,'5','194','0','0','0'),(2131,'4','194','0','0','0'),(2132,'3','194','0','0','0'),(2133,'2','194','0','0','0'),(2134,'1','194','0','0','1'),(2135,'11','195','0','0','0'),(2136,'10','195','0','0','0'),(2137,'9','195','0','0','0'),(2138,'8','195','0','0','0'),(2139,'7','195','0','0','0'),(2140,'6','195','0','0','0'),(2141,'5','195','0','0','0'),(2142,'4','195','0','0','0'),(2143,'3','195','0','0','0'),(2144,'2','195','0','0','0'),(2145,'1','195','0','0','1'),(2146,'11','196','0','0','0'),(2147,'10','196','0','0','0'),(2148,'9','196','0','0','0'),(2149,'8','196','0','0','0'),(2150,'7','196','0','0','0'),(2151,'6','196','0','0','0'),(2152,'5','196','0','0','0'),(2153,'4','196','0','0','0'),(2154,'3','196','0','0','0'),(2155,'2','196','0','0','0'),(2156,'1','196','0','0','1'),(2157,'11','197','0','0','0'),(2158,'10','197','0','0','0'),(2159,'9','197','0','0','0'),(2160,'8','197','0','0','0'),(2161,'7','197','0','0','0'),(2162,'6','197','0','0','0'),(2163,'5','197','0','0','0'),(2164,'4','197','0','0','0'),(2165,'3','197','0','0','0'),(2166,'2','197','0','0','0'),(2167,'1','197','0','0','1'),(2168,'11','198','0','0','0'),(2169,'10','198','0','0','0'),(2170,'9','198','0','0','0'),(2171,'8','198','0','0','0'),(2172,'7','198','0','0','0'),(2173,'6','198','0','0','0'),(2174,'5','198','0','0','0'),(2175,'4','198','0','0','0'),(2176,'3','198','0','0','0'),(2177,'2','198','0','0','0'),(2178,'1','198','0','0','1'),(2179,'11','199','0','0','0'),(2180,'10','199','0','0','0'),(2181,'9','199','0','0','0'),(2182,'8','199','0','0','0'),(2183,'7','199','0','0','0'),(2184,'6','199','0','0','0'),(2185,'5','199','0','0','0'),(2186,'4','199','0','0','0'),(2187,'3','199','0','0','0'),(2188,'2','199','0','0','0'),(2189,'1','199','0','0','1'),(2190,'11','200','0','0','0'),(2191,'10','200','0','0','0'),(2192,'9','200','0','0','0'),(2193,'8','200','0','0','0'),(2194,'7','200','0','0','0'),(2195,'6','200','0','0','0'),(2196,'5','200','0','0','0'),(2197,'4','200','0','0','0'),(2198,'3','200','0','0','0'),(2199,'2','200','0','0','0'),(2200,'1','200','0','0','1'),(2201,'11','201','0','0','0'),(2202,'10','201','0','0','0'),(2203,'9','201','0','0','0'),(2204,'8','201','0','0','0'),(2205,'7','201','0','0','0'),(2206,'6','201','0','0','0'),(2207,'5','201','0','0','0'),(2208,'4','201','0','0','0'),(2209,'3','201','0','0','0'),(2210,'2','201','0','0','0'),(2211,'1','201','0','0','1'),(2212,'11','202','0','0','0'),(2213,'10','202','0','0','0'),(2214,'9','202','0','0','0'),(2215,'8','202','0','0','0'),(2216,'7','202','0','0','0'),(2217,'6','202','0','0','0'),(2218,'5','202','0','0','0'),(2219,'4','202','0','0','0'),(2220,'3','202','0','0','0'),(2221,'2','202','0','0','0'),(2222,'1','202','0','0','1'),(2223,'11','203','0','0','0'),(2224,'10','203','0','0','0'),(2225,'9','203','0','0','0'),(2226,'8','203','0','0','0'),(2227,'7','203','0','0','0'),(2228,'6','203','0','0','0'),(2229,'5','203','0','0','0'),(2230,'4','203','0','0','0'),(2231,'3','203','0','0','0'),(2232,'2','203','0','0','0'),(2233,'1','203','0','0','1'),(2234,'11','204','0','0','0'),(2235,'10','204','0','0','0'),(2236,'9','204','0','0','0'),(2237,'8','204','0','0','0'),(2238,'7','204','0','0','0'),(2239,'6','204','0','0','0'),(2240,'5','204','0','0','0'),(2241,'4','204','0','0','0'),(2242,'3','204','0','0','0'),(2243,'2','204','0','0','0'),(2244,'1','204','0','0','1'),(2245,'11','205','0','0','0'),(2246,'10','205','0','0','0'),(2247,'9','205','0','0','0'),(2248,'8','205','0','0','0'),(2249,'7','205','0','0','0'),(2250,'6','205','0','0','0'),(2251,'5','205','0','0','0'),(2252,'4','205','0','0','0'),(2253,'3','205','0','0','0'),(2254,'2','205','0','0','0'),(2255,'1','205','0','0','1'),(2256,'11','206','0','0','0'),(2257,'10','206','0','0','0'),(2258,'9','206','0','0','0'),(2259,'8','206','0','0','0'),(2260,'7','206','0','0','0'),(2261,'6','206','0','0','0'),(2262,'5','206','0','0','0'),(2263,'4','206','0','0','0'),(2264,'3','206','0','0','0'),(2265,'2','206','0','0','0'),(2266,'1','206','0','0','1'),(2267,'11','207','0','0','0'),(2268,'10','207','0','0','0'),(2269,'9','207','0','0','0'),(2270,'8','207','0','0','0'),(2271,'7','207','0','0','0'),(2272,'6','207','0','0','0'),(2273,'5','207','0','0','0'),(2274,'4','207','0','0','0'),(2275,'3','207','0','0','0'),(2276,'2','207','0','0','0'),(2277,'1','207','0','0','1'),(2278,'11','208','0','0','0'),(2279,'10','208','0','0','0'),(2280,'9','208','0','0','0'),(2281,'8','208','0','0','0'),(2282,'7','208','0','0','0'),(2283,'6','208','0','0','0'),(2284,'5','208','0','0','0'),(2285,'4','208','0','0','0'),(2286,'3','208','0','0','0'),(2287,'2','208','0','0','0'),(2288,'1','208','0','0','1'),(2289,'11','209','0','0','0'),(2290,'10','209','0','0','0'),(2291,'9','209','0','0','0'),(2292,'8','209','0','0','0'),(2293,'7','209','0','0','0'),(2294,'6','209','0','0','0'),(2295,'5','209','0','0','0'),(2296,'4','209','0','0','0'),(2297,'3','209','0','0','0'),(2298,'2','209','0','0','0'),(2299,'1','209','0','0','1'),(2300,'11','210','0','0','0'),(2301,'10','210','0','0','0'),(2302,'9','210','0','0','0'),(2303,'8','210','0','0','0'),(2304,'7','210','0','0','0'),(2305,'6','210','0','0','0'),(2306,'5','210','0','0','0'),(2307,'4','210','0','0','0'),(2308,'3','210','0','0','0'),(2309,'2','210','0','0','0'),(2310,'1','210','0','0','1'),(2311,'11','211','0','0','0'),(2312,'10','211','0','0','0'),(2313,'9','211','0','0','0'),(2314,'8','211','0','0','0'),(2315,'7','211','0','0','0'),(2316,'6','211','0','0','0'),(2317,'5','211','0','0','0'),(2318,'4','211','0','0','0'),(2319,'3','211','0','0','0'),(2320,'2','211','0','0','0'),(2321,'1','211','0','0','1'),(2322,'11','212','0','0','0'),(2323,'10','212','0','0','0'),(2324,'9','212','0','0','0'),(2325,'8','212','0','0','0'),(2326,'7','212','0','0','0'),(2327,'6','212','0','0','0'),(2328,'5','212','0','0','0'),(2329,'4','212','0','0','0'),(2330,'3','212','0','0','0'),(2331,'2','212','0','0','0'),(2332,'1','212','0','0','1'),(2333,'11','213','0','0','0'),(2334,'10','213','0','0','0'),(2335,'9','213','0','0','0'),(2336,'8','213','0','0','0'),(2337,'7','213','0','0','0'),(2338,'6','213','0','0','0'),(2339,'5','213','0','0','0'),(2340,'4','213','0','0','0'),(2341,'3','213','0','0','0'),(2342,'2','213','0','0','0'),(2343,'1','213','0','0','1'),(2344,'11','214','0','0','0'),(2345,'10','214','0','0','0'),(2346,'9','214','0','0','0'),(2347,'8','214','0','0','0'),(2348,'7','214','0','0','0'),(2349,'6','214','0','0','0'),(2350,'5','214','0','0','0'),(2351,'4','214','0','0','0'),(2352,'3','214','0','0','0'),(2353,'2','214','0','0','0'),(2354,'1','214','0','0','1'),(2355,'11','215','0','0','0'),(2356,'10','215','0','0','0'),(2357,'9','215','0','0','0'),(2358,'8','215','0','0','0'),(2359,'7','215','0','0','0'),(2360,'6','215','0','0','0'),(2361,'5','215','0','0','0'),(2362,'4','215','0','0','0'),(2363,'3','215','0','0','0'),(2364,'2','215','0','0','0'),(2365,'1','215','0','0','1'),(2366,'11','216','0','0','0'),(2367,'10','216','0','0','0'),(2368,'9','216','0','0','0'),(2369,'8','216','0','0','0'),(2370,'7','216','0','0','0'),(2371,'6','216','0','0','0'),(2372,'5','216','0','0','0'),(2373,'4','216','0','0','0'),(2374,'3','216','0','0','0'),(2375,'2','216','0','0','0'),(2376,'1','216','0','0','1'),(2377,'11','217','0','0','0'),(2378,'10','217','0','0','0'),(2379,'9','217','0','0','0'),(2380,'8','217','0','0','0'),(2381,'7','217','0','0','0'),(2382,'6','217','0','0','0'),(2383,'5','217','0','0','0'),(2384,'4','217','0','0','0'),(2385,'3','217','0','0','0'),(2386,'2','217','0','0','0'),(2387,'1','217','0','0','1'),(2388,'11','218','0','0','0'),(2389,'10','218','0','0','0'),(2390,'9','218','0','0','0'),(2391,'8','218','0','0','0'),(2392,'7','218','0','0','0'),(2393,'6','218','0','0','0'),(2394,'5','218','0','0','0'),(2395,'4','218','0','0','0'),(2396,'3','218','0','0','0'),(2397,'2','218','0','0','0'),(2398,'1','218','0','0','1'),(2399,'11','219','0','0','0'),(2400,'10','219','0','0','0'),(2401,'9','219','0','0','0'),(2402,'8','219','0','0','0'),(2403,'7','219','0','0','0'),(2404,'6','219','0','0','0'),(2405,'5','219','0','0','0'),(2406,'4','219','0','0','0'),(2407,'3','219','0','0','0'),(2408,'2','219','0','0','0'),(2409,'1','219','0','0','1'),(2410,'11','220','0','0','0'),(2411,'10','220','0','0','0'),(2412,'9','220','0','0','0'),(2413,'8','220','0','0','0'),(2414,'7','220','0','0','0'),(2415,'6','220','0','0','0'),(2416,'5','220','0','0','0'),(2417,'4','220','0','0','0'),(2418,'3','220','0','0','0'),(2419,'2','220','0','0','0'),(2420,'1','220','0','0','1'),(2421,'11','221','0','0','0'),(2422,'10','221','0','0','0'),(2423,'9','221','0','0','0'),(2424,'8','221','0','0','0'),(2425,'7','221','0','0','0'),(2426,'6','221','0','0','0'),(2427,'5','221','0','0','0'),(2428,'4','221','0','0','0'),(2429,'3','221','0','0','0'),(2430,'2','221','0','0','0'),(2431,'1','221','0','0','1'),(2432,'11','222','0','0','0'),(2433,'10','222','0','0','0'),(2434,'9','222','0','0','0'),(2435,'8','222','0','0','0'),(2436,'7','222','0','0','0'),(2437,'6','222','0','0','0'),(2438,'5','222','0','0','0'),(2439,'4','222','0','0','0'),(2440,'3','222','0','0','0'),(2441,'2','222','0','0','0'),(2442,'1','222','0','0','1'),(2443,'11','223','0','0','0'),(2444,'10','223','0','0','0'),(2445,'9','223','0','0','0'),(2446,'8','223','0','0','0'),(2447,'7','223','0','0','0'),(2448,'6','223','0','0','0'),(2449,'5','223','0','0','0'),(2450,'4','223','0','0','0'),(2451,'3','223','0','0','0'),(2452,'2','223','0','0','0'),(2453,'1','223','0','0','1'),(2454,'11','224','0','0','0'),(2455,'10','224','0','0','0'),(2456,'9','224','0','0','0'),(2457,'8','224','0','0','0'),(2458,'7','224','0','0','0'),(2459,'6','224','0','0','0'),(2460,'5','224','0','0','0'),(2461,'4','224','0','0','0'),(2462,'3','224','0','0','0'),(2463,'2','224','0','0','0'),(2464,'1','224','0','0','1'),(2465,'11','225','0','0','0'),(2466,'10','225','0','0','0'),(2467,'9','225','0','0','0'),(2468,'8','225','0','0','0'),(2469,'7','225','0','0','0'),(2470,'6','225','0','0','0'),(2471,'5','225','0','0','0'),(2472,'4','225','0','0','0'),(2473,'3','225','0','0','0'),(2474,'2','225','0','0','0'),(2475,'1','225','0','0','1'),(2476,'11','226','0','0','0'),(2477,'10','226','0','0','0'),(2478,'9','226','0','0','0'),(2479,'8','226','0','0','0'),(2480,'7','226','0','0','0'),(2481,'6','226','0','0','0'),(2482,'5','226','0','0','0'),(2483,'4','226','0','0','0'),(2484,'3','226','0','0','0'),(2485,'2','226','0','0','0'),(2486,'1','226','0','0','1'),(2487,'11','227','0','0','0'),(2488,'10','227','0','0','0'),(2489,'9','227','0','0','0'),(2490,'8','227','0','0','0'),(2491,'7','227','0','0','0'),(2492,'6','227','0','0','0'),(2493,'5','227','0','0','0'),(2494,'4','227','0','0','0'),(2495,'3','227','0','0','0'),(2496,'2','227','0','0','0'),(2497,'1','227','0','0','1'),(2498,'11','228','0','0','0'),(2499,'10','228','0','0','0'),(2500,'9','228','0','0','0'),(2501,'8','228','0','0','0'),(2502,'7','228','0','0','0'),(2503,'6','228','0','0','0'),(2504,'5','228','0','0','0'),(2505,'4','228','0','0','0'),(2506,'3','228','0','0','0'),(2507,'2','228','0','0','0'),(2508,'1','228','0','0','1'),(2509,'11','229','0','0','0'),(2510,'10','229','0','0','0'),(2511,'9','229','0','0','0'),(2512,'8','229','0','0','0'),(2513,'7','229','0','0','0'),(2514,'6','229','0','0','0'),(2515,'5','229','0','0','0'),(2516,'4','229','0','0','0'),(2517,'3','229','0','0','0'),(2518,'2','229','0','0','0'),(2519,'1','229','0','0','1'),(2520,'11','230','0','0','0'),(2521,'10','230','0','0','0'),(2522,'9','230','0','0','0'),(2523,'8','230','0','0','0'),(2524,'7','230','0','0','0'),(2525,'6','230','0','0','0'),(2526,'5','230','0','0','0'),(2527,'4','230','0','0','0'),(2528,'3','230','0','0','0'),(2529,'2','230','0','0','0'),(2530,'1','230','0','0','1'),(2531,'11','231','0','0','0'),(2532,'10','231','0','0','0'),(2533,'9','231','0','0','0'),(2534,'8','231','0','0','0'),(2535,'7','231','0','0','0'),(2536,'6','231','0','0','0'),(2537,'5','231','0','0','0'),(2538,'4','231','0','0','0'),(2539,'3','231','0','0','0'),(2540,'2','231','0','0','0'),(2541,'1','231','0','0','1'),(2542,'11','232','0','0','0'),(2543,'10','232','0','0','0'),(2544,'9','232','0','0','0'),(2545,'8','232','0','0','0'),(2546,'7','232','0','0','0'),(2547,'6','232','0','0','0'),(2548,'5','232','0','0','0'),(2549,'4','232','0','0','0'),(2550,'3','232','0','0','0'),(2551,'2','232','0','0','0'),(2552,'1','232','0','0','1'),(2553,'11','233','0','0','0'),(2554,'10','233','0','0','0'),(2555,'9','233','0','0','0'),(2556,'8','233','0','0','0'),(2557,'7','233','0','0','0'),(2558,'6','233','0','0','0'),(2559,'5','233','0','0','0'),(2560,'4','233','0','0','0'),(2561,'3','233','0','0','0'),(2562,'2','233','0','0','0'),(2563,'1','233','0','0','1'),(2564,'11','234','0','0','0'),(2565,'10','234','0','0','0'),(2566,'9','234','0','0','0'),(2567,'8','234','0','0','0'),(2568,'7','234','0','0','0'),(2569,'6','234','0','0','0'),(2570,'5','234','0','0','0'),(2571,'4','234','0','0','0'),(2572,'3','234','0','0','0'),(2573,'2','234','0','0','0'),(2574,'1','234','0','0','1'),(2575,'11','235','0','0','0'),(2576,'10','235','0','0','0'),(2577,'9','235','0','0','0'),(2578,'8','235','0','0','0'),(2579,'7','235','0','0','0'),(2580,'6','235','0','0','0'),(2581,'5','235','0','0','0'),(2582,'4','235','0','0','0'),(2583,'3','235','0','0','0'),(2584,'2','235','0','0','0'),(2585,'1','235','1','0','1'),(2586,'11','236','0','0','0'),(2587,'10','236','0','0','0'),(2588,'9','236','0','0','0'),(2589,'8','236','0','0','0'),(2590,'7','236','0','0','0'),(2591,'6','236','0','0','0'),(2592,'5','236','0','0','0'),(2593,'4','236','0','0','0'),(2594,'3','236','0','0','0'),(2595,'2','236','0','0','0'),(2596,'1','236','0','0','1'),(2597,'11','237','0','0','0'),(2598,'10','237','0','0','0'),(2599,'9','237','0','0','0'),(2600,'8','237','0','0','0'),(2601,'7','237','0','0','0'),(2602,'6','237','0','0','0'),(2603,'5','237','0','0','0'),(2604,'4','237','0','0','0'),(2605,'3','237','0','0','0'),(2606,'2','237','0','0','0'),(2607,'1','237','0','0','0'),(2608,'11','238','0','0','0'),(2609,'10','238','0','0','0'),(2610,'9','238','0','0','0'),(2611,'8','238','0','0','0'),(2612,'7','238','0','0','0'),(2613,'6','238','0','0','0'),(2614,'5','238','0','0','0'),(2615,'4','238','0','0','0'),(2616,'3','238','0','0','0'),(2617,'2','238','0','0','0'),(2618,'1','238','0','0','0'),(2619,'11','239','0','0','0'),(2620,'10','239','0','0','0'),(2621,'9','239','0','0','0'),(2622,'8','239','0','0','0'),(2623,'7','239','0','0','0'),(2624,'6','239','0','0','0'),(2625,'5','239','0','0','0'),(2626,'4','239','0','0','0'),(2627,'3','239','0','0','0'),(2628,'2','239','0','0','0'),(2629,'1','239','0','0','0'),(2630,'11','240','0','0','0'),(2631,'10','240','0','0','0'),(2632,'9','240','0','0','0'),(2633,'8','240','0','0','0'),(2634,'7','240','0','0','0'),(2635,'6','240','0','0','0'),(2636,'5','240','0','0','0'),(2637,'4','240','0','0','0'),(2638,'3','240','0','0','0'),(2639,'2','240','0','0','0'),(2640,'1','240','0','0','0'),(2641,'11','241','0','0','0'),(2642,'10','241','0','0','0'),(2643,'9','241','0','0','0'),(2644,'8','241','0','0','0'),(2645,'7','241','0','0','0'),(2646,'6','241','0','0','0'),(2647,'5','241','0','0','0'),(2648,'4','241','0','0','0'),(2649,'3','241','0','0','0'),(2650,'2','241','0','0','0'),(2651,'1','241','0','0','0'),(2652,'11','242','0','0','0'),(2653,'10','242','0','0','0'),(2654,'9','242','0','0','0'),(2655,'8','242','0','0','0'),(2656,'7','242','0','0','0'),(2657,'6','242','0','0','0'),(2658,'5','242','0','0','0'),(2659,'4','242','0','0','0'),(2660,'3','242','0','0','0'),(2661,'2','242','0','0','0'),(2662,'1','242','0','0','0'),(2663,'11','243','0','0','0'),(2664,'10','243','0','0','0'),(2665,'9','243','0','0','0'),(2666,'8','243','0','0','0'),(2667,'7','243','0','0','0'),(2668,'6','243','0','0','0'),(2669,'5','243','0','0','0'),(2670,'4','243','0','0','0'),(2671,'3','243','0','0','0'),(2672,'2','243','0','0','0'),(2673,'1','243','0','0','0'),(2674,'11','244','0','0','0'),(2675,'10','244','0','0','0'),(2676,'9','244','0','0','0'),(2677,'8','244','0','0','0'),(2678,'7','244','0','0','0'),(2679,'6','244','0','0','0'),(2680,'5','244','0','0','0'),(2681,'4','244','0','0','0'),(2682,'3','244','0','0','0'),(2683,'2','244','0','0','0'),(2684,'1','244','0','0','0'),(2685,'11','245','0','0','0'),(2686,'10','245','0','0','0'),(2687,'9','245','0','0','0'),(2688,'8','245','0','0','0'),(2689,'7','245','0','0','0'),(2690,'6','245','0','0','0'),(2691,'5','245','0','0','0'),(2692,'4','245','0','0','0'),(2693,'3','245','0','0','0'),(2694,'2','245','0','0','0'),(2695,'1','245','0','0','0'),(2696,'11','246','0','0','0'),(2697,'10','246','0','0','0'),(2698,'9','246','0','0','0'),(2699,'8','246','0','0','0'),(2700,'7','246','0','0','0'),(2701,'6','246','0','0','0'),(2702,'5','246','0','0','0'),(2703,'4','246','0','0','0'),(2704,'3','246','0','0','0'),(2705,'2','246','0','0','0'),(2706,'1','246','0','0','0'),(2707,'11','247','0','0','0'),(2708,'10','247','0','0','0'),(2709,'9','247','0','0','0'),(2710,'8','247','0','0','0'),(2711,'7','247','0','0','0'),(2712,'6','247','0','0','0'),(2713,'5','247','0','0','0'),(2714,'4','247','0','0','0'),(2715,'3','247','0','0','0'),(2716,'2','247','0','0','0'),(2717,'1','247','0','0','0'),(2718,'11','248','0','0','0'),(2719,'10','248','0','0','0'),(2720,'9','248','0','0','0'),(2721,'8','248','0','0','0'),(2722,'7','248','0','0','0'),(2723,'6','248','0','0','0'),(2724,'5','248','0','0','0'),(2725,'4','248','0','0','0'),(2726,'3','248','0','0','0'),(2727,'2','248','0','0','0'),(2728,'1','248','0','0','0'),(2729,'11','249','0','0','0'),(2730,'10','249','0','0','0'),(2731,'9','249','0','0','0'),(2732,'8','249','0','0','0'),(2733,'7','249','0','0','0'),(2734,'6','249','0','0','0'),(2735,'5','249','0','0','0'),(2736,'4','249','0','0','0'),(2737,'3','249','0','0','0'),(2738,'2','249','0','0','0'),(2739,'1','249','0','0','0'),(2740,'11','250','0','0','0'),(2741,'10','250','0','0','0'),(2742,'9','250','0','0','0'),(2743,'8','250','0','0','0'),(2744,'7','250','0','0','0'),(2745,'6','250','0','0','0'),(2746,'5','250','0','0','0'),(2747,'4','250','0','0','0'),(2748,'3','250','0','0','0'),(2749,'2','250','0','0','0'),(2750,'1','250','0','0','0'),(2751,'11','251','0','0','0'),(2752,'10','251','0','0','0'),(2753,'9','251','0','0','0'),(2754,'8','251','0','0','0'),(2755,'7','251','0','0','0'),(2756,'6','251','0','0','0'),(2757,'5','251','0','0','0'),(2758,'4','251','0','0','0'),(2759,'3','251','0','0','0'),(2760,'2','251','0','0','0'),(2761,'1','251','0','0','0'),(2762,'11','252','0','0','0'),(2763,'10','252','0','0','0'),(2764,'9','252','0','0','0'),(2765,'8','252','0','0','0'),(2766,'7','252','0','0','0'),(2767,'6','252','0','0','0'),(2768,'5','252','0','0','0'),(2769,'4','252','0','0','0'),(2770,'3','252','0','0','0'),(2771,'2','252','0','0','0'),(2772,'1','252','0','0','0'),(2773,'11','253','0','0','0'),(2774,'10','253','0','0','0'),(2775,'9','253','0','0','0'),(2776,'8','253','0','0','0'),(2777,'7','253','0','0','0'),(2778,'6','253','0','0','0'),(2779,'5','253','0','0','0'),(2780,'4','253','0','0','0'),(2781,'3','253','0','0','0'),(2782,'2','253','0','0','0'),(2783,'1','253','0','0','0'),(2784,'11','254','0','0','0'),(2785,'10','254','0','0','0'),(2786,'9','254','0','0','0'),(2787,'8','254','0','0','0'),(2788,'7','254','0','0','0'),(2789,'6','254','0','0','0'),(2790,'5','254','0','0','0'),(2791,'4','254','0','0','0'),(2792,'3','254','0','0','0'),(2793,'2','254','0','0','0'),(2794,'1','254','0','0','0'),(2795,'11','255','0','0','0'),(2796,'10','255','0','0','0'),(2797,'9','255','0','0','0'),(2798,'8','255','0','0','0'),(2799,'7','255','0','0','0'),(2800,'6','255','0','0','0'),(2801,'5','255','0','0','0'),(2802,'4','255','0','0','0'),(2803,'3','255','0','0','0'),(2804,'2','255','0','0','0'),(2805,'1','255','0','0','0'),(2806,'11','256','0','0','0'),(2807,'10','256','0','0','0'),(2808,'9','256','0','0','0'),(2809,'8','256','0','0','0'),(2810,'7','256','0','0','0'),(2811,'6','256','0','0','0'),(2812,'5','256','0','0','0'),(2813,'4','256','0','0','0'),(2814,'3','256','0','0','0'),(2815,'2','256','0','0','0'),(2816,'1','256','0','0','0'),(2817,'11','257','0','0','0'),(2818,'10','257','0','0','0'),(2819,'9','257','0','0','0'),(2820,'8','257','0','0','0'),(2821,'7','257','0','0','0'),(2822,'6','257','0','0','0'),(2823,'5','257','0','0','0'),(2824,'4','257','0','0','0'),(2825,'3','257','0','0','0'),(2826,'2','257','0','0','0'),(2827,'1','257','0','0','0'),(2828,'11','258','0','0','0'),(2829,'10','258','0','0','0'),(2830,'9','258','0','0','0'),(2831,'8','258','0','0','0'),(2832,'7','258','0','0','0'),(2833,'6','258','0','0','0'),(2834,'5','258','0','0','0'),(2835,'4','258','0','0','0'),(2836,'3','258','0','0','0'),(2837,'2','258','0','0','0'),(2838,'1','258','0','0','0'),(2839,'11','259','0','0','0'),(2840,'10','259','0','0','0'),(2841,'9','259','0','0','0'),(2842,'8','259','0','0','0'),(2843,'7','259','0','0','0'),(2844,'6','259','0','0','0'),(2845,'5','259','0','0','0'),(2846,'4','259','0','0','0'),(2847,'3','259','0','0','0'),(2848,'2','259','0','0','0'),(2849,'1','259','0','0','0'),(2850,'11','260','0','0','0'),(2851,'10','260','0','0','0'),(2852,'9','260','0','0','0'),(2853,'8','260','0','0','0'),(2854,'7','260','0','0','0'),(2855,'6','260','0','0','0'),(2856,'5','260','0','0','0'),(2857,'4','260','0','0','0'),(2858,'3','260','0','0','0'),(2859,'2','260','0','0','0'),(2860,'1','260','0','0','0'),(2861,'11','261','0','0','0'),(2862,'10','261','0','0','0'),(2863,'9','261','0','0','0'),(2864,'8','261','0','0','0'),(2865,'7','261','0','0','0'),(2866,'6','261','0','0','0'),(2867,'5','261','0','0','0'),(2868,'4','261','0','0','0'),(2869,'3','261','0','0','0'),(2870,'2','261','0','0','0'),(2871,'1','261','0','0','0'),(2872,'11','262','0','0','0'),(2873,'10','262','0','0','0'),(2874,'9','262','0','0','0'),(2875,'8','262','0','0','0'),(2876,'7','262','0','0','0'),(2877,'6','262','0','0','0'),(2878,'5','262','0','0','0'),(2879,'4','262','0','0','0'),(2880,'3','262','0','0','0'),(2881,'2','262','0','0','0'),(2882,'1','262','0','0','0'),(2883,'11','263','0','0','0'),(2884,'10','263','0','0','0'),(2885,'9','263','0','0','0'),(2886,'8','263','0','0','0'),(2887,'7','263','0','0','0'),(2888,'6','263','0','0','0'),(2889,'5','263','0','0','0'),(2890,'4','263','0','0','0'),(2891,'3','263','0','0','0'),(2892,'2','263','0','0','0'),(2893,'1','263','0','0','0'),(2894,'11','264','0','0','0'),(2895,'10','264','0','0','0'),(2896,'9','264','0','0','0'),(2897,'8','264','0','0','0'),(2898,'7','264','0','0','0'),(2899,'6','264','0','0','0'),(2900,'5','264','0','0','0'),(2901,'4','264','0','0','0'),(2902,'3','264','0','0','0'),(2903,'2','264','0','0','0'),(2904,'1','264','0','0','0'),(2905,'11','265','0','0','0'),(2906,'10','265','0','0','0'),(2907,'9','265','0','0','0'),(2908,'8','265','0','0','0'),(2909,'7','265','0','0','0'),(2910,'6','265','0','0','0'),(2911,'5','265','0','0','0'),(2912,'4','265','0','0','0'),(2913,'3','265','0','0','0'),(2914,'2','265','0','0','0'),(2915,'1','265','0','0','0'),(2916,'11','266','0','0','0'),(2917,'10','266','0','0','0'),(2918,'9','266','0','0','0'),(2919,'8','266','0','0','0'),(2920,'7','266','0','0','0'),(2921,'6','266','0','0','0'),(2922,'5','266','0','0','0'),(2923,'4','266','0','0','0'),(2924,'3','266','0','0','0'),(2925,'2','266','0','0','0'),(2926,'1','266','0','0','0');
/*!40000 ALTER TABLE `pu_niveis_paginas` ENABLE KEYS */;
UNLOCK TABLES;

--
-- Table structure for table `pu_nivelacesso`
--

DROP TABLE IF EXISTS `pu_nivelacesso`;
/*!40101 SET @saved_cs_client     = @@character_set_client */;
/*!40101 SET character_set_client = utf8 */;
CREATE TABLE `pu_nivelacesso` (
  `id_nivelAcesso` int(11) NOT NULL,
  `nome_nivelAcesso` varchar(45) DEFAULT NULL,
  `cor_nivelAcesso` varchar(10) DEFAULT NULL,
  `corTexto_nivelAcesso` varchar(10) DEFAULT NULL
) ENGINE=InnoDB DEFAULT CHARSET=utf8;
/*!40101 SET character_set_client = @saved_cs_client */;

--
-- Dumping data for table `pu_nivelacesso`
--

LOCK TABLES `pu_nivelacesso` WRITE;
/*!40000 ALTER TABLE `pu_nivelacesso` DISABLE KEYS */;
INSERT INTO `pu_nivelacesso` VALUES (1,'Administração','#000000','#ffffff'),(2,'Nível 1','#ffffff','#000000'),(3,'Nível 2','#ffffff','#000000'),(4,'Nível 3','#ffffff','#000000'),(5,'Nível 4','#ffffff','#000000'),(6,'Nível 5','#ffffff','#000000'),(7,'Nível 6','#ffffff','#000000'),(8,'Nível 7','#ffffff','#000000'),(9,'Nível 8','#ffffff','#000000'),(10,'Nível 9','#ffffff','#000000'),(11,'Nível 10','#ffffff','#000000');
/*!40000 ALTER TABLE `pu_nivelacesso` ENABLE KEYS */;
UNLOCK TABLES;

--
-- Table structure for table `pu_paginas`
--

DROP TABLE IF EXISTS `pu_paginas`;
/*!40101 SET @saved_cs_client     = @@character_set_client */;
/*!40101 SET character_set_client = utf8 */;
CREATE TABLE `pu_paginas` (
  `id_pagina` int(11) NOT NULL,
  `nome_pagina` varchar(245) DEFAULT NULL,
  `apelido_pagina` varchar(245) DEFAULT NULL,
  `endereco_pagina` varchar(556) DEFAULT NULL,
  `observacao_pagina` varchar(528) DEFAULT NULL,
  `icone_pagina` varchar(128) DEFAULT NULL,
  `controller_pagina` varchar(545) DEFAULT NULL,
  `tipoRota_pagina` enum('1','2','3','4') DEFAULT NULL,
  PRIMARY KEY (`id_pagina`)
) ENGINE=InnoDB DEFAULT CHARSET=utf8 COMMENT='Tabela que armazena todas as páginas que o usuário pode acessar.\n\nusar as rotas para armazenar novas páginas';
/*!40101 SET character_set_client = @saved_cs_client */;

--
-- Dumping data for table `pu_paginas`
--

LOCK TABLES `pu_paginas` WRITE;
/*!40000 ALTER TABLE `pu_paginas` DISABLE KEYS */;
INSERT INTO `pu_paginas` VALUES (1,'Início','[VIEW][PAINEL][ADMIN] Home','dashboard','Página inicial do sistema',' mdi mdi-home','painel','1'),(2,'Landing page - Pública','[VIEW][LP][PÚBLICO] Landing page','landingpages/(:any)/(:any)','Landing page view pública',' mdi mdi-format-page-break','landingpage/v_landingPages/$1/$1','1'),(3,'Autenticar login','[MÉTODO][PÚBLICO] Autênticação login','dashboard/autenticarlogin','Método login para autenticação no painel','mdi mdi-cube-send','painel/c_autenticarLogin','2'),(4,'Recuperar senha','[MÉTODO][PAINEL][PÚBLICO] Recuperar senha','dashboard/recuperarSenha','Método para recuperar senha no painel','mdi mdi-cube-send','painel/c_recuperarSenha','2'),(5,'Recuperar senha - Inserir nova senha','[VIEW][PAINEL][PÚBLICO] Tela para inserir nova senha','dashboard/alterarSenha','Após clicar no link do e-mail cairá nessa tela para inserir a nova senha',' mdi mdi-newspaper','painel/v_alterarSenha','1'),(6,'Alterar senha link e-mail','[MÉTODO][PAINEL][ADMIN] Alterar senha usuário','dashboard/alterarSenhaUsuario','Método acionado ao inserir a nova senha e clicar no botão do formulário','mdi mdi-cube-send','painel/c_alterarSenhaUsuario','2'),(7,'Tela de login','[VIEW][PAINEL][PÚBLICO] Tela de login','dashboard/login','Tela para efetuar o login',' mdi mdi-newspaper','painel/login','1'),(8,'Logout','[MÉTODO][PAINEL][PÚBLICO] Sair do painel (logout)','dashboard/logout','','mdi mdi-cube-send','painel/logout','1'),(9,'Bio do site','[VIEW][SITE][PÚBLICO]  Bio para usar no Instagram','bio','Página personalizada para utilizar na bio do Instagram',' mdi mdi-newspaper','site/v_bio','1'),(10,'Site Ourilândia','[VIEW][SITE][PÚBLICO]  Ourilândia do Norte','site/ourilandia_do_norte','Página do site de Ourilândia do Norte',' mdi mdi-newspaper','site/v_site2','1'),(11,'Site Tucumã','[VIEW][SITE][PÚBLICO]  Tucumã','site/tucuma','Página do site de Tucumã',' mdi mdi-newspaper','site/v_site1','1'),(12,'Site São Felix do Xingú','[VIEW][SITE][PÚBLICO] São Felix do Xingú','site/sao_felix_do_xingu','Página do São Felix do Xingú',' mdi mdi-newspaper','site/v_site3','1'),(13,'Site - Ourilândia - Sobre','[VIEW][SITE][ADMIN] Página sobre nós site Ourilândia','site/ourilandia_do_norte/sobre','Página sobre dentro do site de Ourilândia do Norte',' mdi mdi-newspaper','site/v_site2_sobre','1'),(14,'Site - Intro - Listar regiões intro','[MÉTODO][SITE][ADMIN] Site - Intro -  listar regiões into','site/listagens/listarRegioes','Método de listagem de dados das regições, lista os dados na intro do site','mdi mdi-cube-send','site/site_admin/c_listarRegioes','1'),(15,'Site','[VIEW][SITE][ADMIN] Site - Intro','dashboard/site','Página do site, renderiza a intro','mdi mdi-web','site/site_admin','1'),(16,'Ourilândia - Sobre','[VIEW][SITE][ADMIN] Site - Ourilândia - Sobre','dashboard/site_admin/ourilandia_pagina_sobre','Página no admin - Ourilândia - Sobre',' mdi mdi-newspaper','site/site_admin_ourilandia/v_ourilandia_pagina_sobre','1'),(17,'Ourilândia - Configs','[VIEW][SITE][ADMIN] Site - Ourilândia - Configs','dashboard/site_admin/ourilandia_configs','Página de configurações do site Ourilândia',' mdi mdi-newspaper','site/site_admin_ourilandia/v_ourilandia','1'),(18,'Ourilândia - Newsletter','[VIEW][SITE][ADMIN] Site - Ourilândia - Newsletter','dashboard/site_admin/ourilandia_newsletter','Página de configuração de newsletter site Ourilândia',' mdi mdi-newspaper','site/site_admin_ourilandia/v_ourilandia_newsletter','1'),(19,'Ligações pendentes','[VIEW][SITE][ADMIN] Site - Ourilândia - Ligações pendentes','dashboard/site_admin/ourilandia_ligacoes_pendentes','Página para ver as ligações pendentes do site de Ourilândia',' mdi mdi-arrow-right-drop-circlea mdi mdi-newspaper','site/site_admin_ourilandia/v_ourilandia_ligacoes_pendentes','1'),(20,'Ligações efetuadas','[VIEW][SITE][ADMIN] Site - Ourilândia - Ligações efetuadas','dashboard/site_admin/ourilandia_ligacoes_efetuadas','Página para ver as ligações efetuadas do site de Ourilândia',' mdi mdi-newspaper','site/site_admin_ourilandia/v_ourilandia_ligacoes_efetuadas','1'),(21,'Residenciais pendentes','[VIEW][SITE][ADMIN] Site - Ourilândia - Residenciais pendentes','dashboard/site_admin/ourilandia_solicitacoesResidencias_pendentes','Página para ver as solicitações residenciais pendentes do site de Ourilândia',' mdi mdi-newspaper','site/site_admin_ourilandia/v_ourilandia_solicitacoesResidencias_pendentes','1'),(22,'Residenciais efetuadas','[VIEW][SITE][ADMIN] Site - Ourilândia - Residenciais efetuadas','dashboard/site_admin/ourilandia_solicitacoesResidencias_efetuadas','Página para ver as solicitações residenciais efetuadas do site de Ourilândia',' mdi mdi-newspaper','site/site_admin_ourilandia/v_ourilandia_solicitacoesResidencias_efetuadas','1'),(23,'Empresariais pendentes','[VIEW][SITE][ADMIN] Site - Ourilândia - Empresariais pendentes','dashboard/site_admin/ourilandia_solicitacoesEmpresariais_pendentes','Página para ver as solicitações Empresariais pendentes do site de Ourilândia',' mdi mdi-newspaper','site/site_admin_ourilandia/v_ourilandia_solicitacoesEmpresariais_pendentes','1'),(24,'Empresariais efetuadas','[VIEW][SITE][ADMIN] Site - Ourilândia - Empresariais efetuadas','dashboard/site_admin/ourilandia_solicitacoesEmpresariais_efetuadas','Página para ver as solicitações Empresariais efetuadas do site de Ourilândia',' mdi mdi-newspaper','site/site_admin_ourilandia/v_ourilandia_solicitacoesEmpresariais_efetuadas','1'),(25,'Empresa','[VIEW][EMPRESA][ADMIN] Empresa - Admin','dashboard/empresa/minhaEmpresa','Página para configuração da empresa',' mdi mdi-bank','empresa','1'),(26,'Landing pages','[VIEW][LP][ADMIN] Landing pages - Admin','dashboard/landingPages','Página para configurações das landing pages',' mdi mdi-file-document','landingpage','1'),(27,'Configurações LP','[VIEW][LP][ADMIN] Configurações - Admin','dashboard/configuracoes','Página para configurações das landing pages',' mdi mdi-newspaper','landingpage/v_configuracoes','1'),(28,'[V] Criar nova landing page','[VIEW][LP][ADMIN] Criar nova landing page','dashboard/cadastrarNovaLandingPage','Página para criar nova landing page',' mdi mdi-newspaper','landingpage/v_cadastrarNovaLandingPage','1'),(29,'Grupos LP','[VIEW][LP][ADMIN] Grupos landing page','dashboard/gruposLandingPage','Página para gestão de grupos/listas',' mdi mdi-newspaper','landingpage/v_gruposLandingPage','1'),(30,'Templates LP','[VIEW][LP][ADMIN] Templates landing page','dashboard/templates','Página para gestão de templates das landing pages',' mdi mdi-newspaper','landingpage/v_templateLandingPages','1'),(31,'Página sucesso - LP','[VIEW][LP][PÚBLICO] Página Sucesso','landingpage/(:any)/sucesso','Página de sucesso ao informar dados na landing page',' mdi mdi-newspaper','landingpage/v_cadastroLeadsSucesso/$1','1'),(32,'Usuários','[VIEW][USUARIOS][ADMIN] Usuários','dashboard/usuarios/usuarios','Página para gestão de usuários','mdi mdi-account-multiple','usuarios','1'),(33,'Minha conta','[VIEW][USUARIOS][ADMIN] Minha conta','dashboard/usuarios/minhaconta','Página para alterar dados da conta do usuário logado',' mdi mdi-newspaper','usuarios/v_minhaconta','1'),(34,'Permissões','[VIEW][PERMISSÕES][ADMIN] Níveis de acesso','dashboard/permissoes/niveisAcesso','Página para gestão de níveis de acesso','mdi mdi-gavel','permissoes/v_niveisAcesso','1'),(35,'Páginas','[VIEW][PERMISSÕES][ADMIN] Páginas','dashboard/permissoes/paginas','Página para gestão das páginas do sistema','  mdi mdi-newspaper','permissoes/v_paginas','1'),(36,'Níveis de acesso x páginas','[VIEW][PERMISSÕES][ADMIN] Níveis de acesso x Páginas','dashboard/permissoes/permissaoNiveisAcesso/(:any)','Página para gerenciar nível de acesso, atribuir e associar páginas ao nível selecioinado',' mdi mdi-newspaper','permissoes/v_permissaoNiveisAcesso/(:any)','1'),(37,'Páginas disponíveis','[VIEW][PERMISSÕES][ADMIN] Páginas disponíveis','dashboard/permissoes/listaNiveisPaginasDisponiveis/(:any)','',' mdi mdi-newspaper','permissoes/v_listaNiveisPaginasDisponiveis/$1','1'),(38,'Páginas adicionadas','[VIEW][PERMISSÕES][ADMIN] Páginas adicionadas','dashboard/permissoes/listaNiveisPaginasADD/(:any)','',' mdi mdi-newspaper','permissoes/v_listaNiveisPaginasADD/$1','1'),(39,'Newsletter','[VIEW][NEWSLETTER][ADMIN] Newsletter','dashboard/newsletter','Página para gestão de campanhas das newsletter',' mdi mdi-email-outline','newsletter','1'),(40,'Grupos newsletter','[VIEW][NEWSLETTER][ADMIN] grupos','dashboard/newsletter/grupos','Página para gestão dos grups/listas newsletter',' mdi mdi-newspaper','newsletter/v_grupos','1'),(41,'E-mails newsletter','[VIEW][NEWSLETTER][ADMIN] E-mails','dashboard/newsletter/emails','Página para gestão dos e-mails da newsletter',' mdi mdi-newspaper','newsletter/v_emails','1'),(42,'Selecionar template e-mail','[VIEW][NEWSLETTER][ADMIN] Selecionar temlate e-mails','dashboard/newsletter/templateEmail','Página para selecionar o template para o e-mail enviado na campanha',' mdi mdi-newspaper','newsletter/v_templateEmail','1'),(43,'Gestão templates - News','[VIEW][NEWSLETTER][ADMIN] Gerenciar temlate e-mails','dashboard/newsletter/gerenciar_template','Página para gestão de template de e-mails da newsletter',' mdi mdi-newspaper','newsletter/v_gerenciar_template','1'),(44,'Configs Disparo - News','[VIEW][NEWSLETTER][ADMIN] Configurações de disparo','dashboard/newsletter/configuracoes_disparo','Página para configurar os dados SMTP de disparo da newsletter',' mdi mdi-newspaper','newsletter/v_configuracoes_disparo','1'),(45,'Grupos/Lista - News','[VIEW][NEWSLETTER][ADMIN] Grupos/Lista','dashboard/grupos','Página para gerenciar os grupos/lista da newsletter',' mdi mdi-newspaper','newsletter/v_grupos','1'),(46,'Cancelar inscrição - News','[VIEW][NEWSLETTER][PÚBLICO] Cancelar inscrição','newsletter/cancelar_inscricao','Página para o usuário cancelar a inscrição na newsletter',' mdi mdi-newspaper','newsletter/v_cancelar_inscricao','1'),(47,'Disparos - News','[VIEW][NEWSLETTER][ADMIN] Disparos','dashboard/newsletter/disparos','Página para acompanhar os disparos em massa das campanhas',' mdi mdi-newspaper','newsletter/v_disparos','1'),(48,'Confirmar abertura de e-mail - News','[VIEW][NEWSLETTER][PÚBLICO] Confirmar abertura de e-mail','newsletter/confirmarEmail','Página pública para confirmar a abertura do e-mail enviado ao contato da newsletter',' mdi mdi-newspaper','newsletter/c_confirmarEmail','1'),(49,'[M] Cadastrar novo usuário','[MÉTODO][USUÁRIOS][ADMIN] Cadastrar novo usuário','dashboard/usuarios/cadastrarUsuario','Método para cadastrar novo usuário','mdi mdi-cube-send','usuarios/c_cadastrarUsuario','2'),(50,'[M] Listar usuários','[MÉTODO][USUÁRIOS][ADMIN] Listar usuários','dashboard/usuarios/listarUsuarios','Método para listar usuários ná página de usuários','mdi mdi-cube-send','usuarios/c_listarUsuarios','1'),(51,'[M] Solicitar ligação','[MÉTODO][SITE][PÚBLICO] Solicitar ligação no formulário do site ourilândia','site/ourilandia_do_norte/solicitar_ligacao','Método acionado ao solicitar ligação no site de ourilândia','mdi mdi-cube-send','site/site_admin/c_solicitar_ligacao','2'),(52,'[M] Contratar plano residencial','[MÉTODO][SITE][PÚBLICO] Contratar plano Residencial no formulário do site ourilândia','site/ourilandia_do_norte/contratarPlanoResidencial','Método acionado ao solicitar contratação de plano residencial no site de ourilândia','mdi mdi-cube-send','site/site_admin/c_contratarPlanoResidencial','2'),(53,'[M] Contratar plano empresarial','[MÉTODO][SITE][PÚBLICO] Contratar plano Empresarial no formulário do site ourilândia','site/ourilandia_do_norte/contratarPlanoEmpresarial','Método acionado ao solicitar contratação de plano empresarial no site de ourilândia','mdi mdi-cube-send','site/site_admin/c_contratarPlanoEmpresarial','2'),(54,'[M] Assinar newsletter','[MÉTODO][SITE][PÚBLICO] Assinar newsletter no site Ourilândia','site/ourilandia_do_norte/assinarNewsletter','Método acionado ao solicitar assinatura de newsletter','mdi mdi-cube-send','site/site_admin/c_assinarNewsletter','2'),(55,'[M] Cadastrar nova região site','[MÉTODO][SITE][ADMIN] Cadastrar nova região','dashboard/site/cadastrarNovaRegiao_site','Método acionado ao cadastrar nova região','mdi mdi-cube-send','site/site_admin/c_cadastrarNovaRegiao_site','2'),(56,'[M] Listar regiões do site','[MÉTODO][SITE][ADMIN] Listar regiões do site','dashboard/listagens/listarRegioes','Método acionado ao carregar a página para listar as regiões criadas','mdi mdi-cube-send','site/site_admin/c_listarRegioes','1'),(57,'[M] Listar dados SEO da INTRO do site','[MÉTODO][SITE][ADMIN] Listar SEO, dados da intro do site','dashboard/listagens/listarConfigsSeo_intro','Método acionado ao carregar a página de configurações de SEO da intro do site','mdi mdi-cube-send','site/site_admin/c_listarConfigsSeo_intro','1'),(58,'[M] Atualizar dados SEO INTRO site','[MÉTODO][SITE][ADMIN] Atualizar dados SEO INTRO site','dashboard/site/atualizar/atualizarSEO_site','Método acionado para atualizar os dados do SEO da intro do SITE','mdi mdi-cube-send','site/site_admin/c_atualizarSEO_site','2'),(59,'[M] Atualizar infos regiões intro site','[MÉTODO][SITE][ADMIN] Atualizar infos regiões intro site','dashboard/atualizar/atualizarInfosRegiao','Método acionado para atualizar as infos da região do site','mdi mdi-cube-send','site/site_admin/c_atualizarInfosRegiao','2'),(60,'[M] Método status região intro','[MÉTODO][SITE][ADMIN] Método status mostrar na intro região','dashboard/atualizar/liberarBloquearStatus','Método acionado ao bloquear ou liberar status da região na intro do site','mdi mdi-cube-send','site/site_admin/c_liberarBloquearStatus','2'),(61,'[M] Método mostrar região site','[MÉTODO][SITE][ADMIN] Método status mostrar  região site','dashboard/atualizar/liberarBloquearStatusSite','Método acionado ao bloquear ou liberar status da região do site','mdi mdi-cube-send','site/site_admin/c_liberarBloquearStatusSite','2'),(62,'[M] Método excluir região site','[MÉTODO][SITE][ADMIN] Método excluir região do site','dashboard/excluir/excluirRegiao','Método acionado ao excluir região do site','mdi mdi-cube-send','site/site_admin/c_excluirRegiao','2'),(63,'[V] Bio do site','[VIEW][SITE][ADMIN] Bio','dashboard/site/bio','Página para configurações da bio do site','mdi mdi-newspaper','site/site_admin/v_bio','1'),(64,'[M] Método listar configs bio','[MÉTODO][SITE][ADMIN] Método listar infos BIO do site','dashboard/listagens/listarBioInfos','Método para listar os dados da bio do site','mdi mdi-cube-send','site/site_admin/c_listarBioInfos','1'),(65,'[M] Método listar sites da bio','[MÉTODO][SITE][ADMIN] Método listar sites da BIO do site','dashboard/listagens/listarSites','Método para listar os sites da bio do site','mdi mdi-cube-send','site/site_admin/c_listarSites','1'),(66,'[M] Método listar canais de atendimento da bio','[MÉTODO][SITE][ADMIN] Método listar canais de atendimento da BIO do site','dashboard/listagens/listarCanaisAtendimento','Método para listar os  canais de atendimento da bio do site','mdi mdi-cube-send','site/site_admin/c_listarCanaisAtendimento','1'),(67,'[M] Método listar redes sociais da bio','[MÉTODO][SITE][ADMIN] Método listar redes sociais da BIO do site','dashboard/listagens/listarRedesSociaisBio','Método para listar os redes sociais da bio do site','mdi mdi-cube-send','site/site_admin/c_listarRedesSociaisBio','1'),(68,'[M] Método listar cores e estilo da bio','[MÉTODO][SITE][ADMIN] Método listar cores e estilo da BIO do site','dashboard/listagens/listarCoresEstilo','Método para listar os cores e estilo da bio do site','mdi mdi-cube-send','site/site_admin/c_listarCoresEstilo','1'),(69,'[M] Método cadastrar site bio ','[MÉTODO][SITE][ADMIN] Método cadastrar site bio ','dashboard/cadastro/cadastrarSiteBio','Método acionado ao cadastrar novo site na bio do site','mdi mdi-cube-send','site/site_admin/c_cadastrarSiteBio','2'),(70,'[M] Método cadastrar canal de atendimento bio','[MÉTODO][SITE][ADMIN] Método cadastrar canal de atendimento bio','dashboard/cadastrar/cadastrarCanalAtendimentoBio','Método acionado para cadastrar canal de atendimento na BIO do site','mdi mdi-cube-send','site/site_admin/c_cadastrarCanalAtendimentoBio','2'),(71,'[M] Método cadastrar  rede social bio','[MÉTODO][SITE][ADMIN] Método cadastrar rede social bio','dashboard/cadastro/cadastrarRedeSocialBio','Método acionado para cadastrar rede social na BIO do site','mdi mdi-cube-send','site/site_admin/c_cadastrarRedeSocialBio','2'),(72,'[M] Método status liberar/bloquear site bio','[MÉTODO][SITE][ADMIN] Método status liberar/bloquear site bio','dashboard/atualizar/statusBioSite','Método acionado ao liberar ou bloquear status do site na BIO','mdi mdi-cube-send','site/site_admin/c_statusBioSite','2'),(73,'[M] Método atualizar infos site site bio','[MÉTODO][SITE][ADMIN] Método atualizar infos site site bio','dashboard/atualizar/editarSiteBio','Método acionado ao atualizar os dados do site da BIO','mdi mdi-cube-send','site/site_admin/c_editarSiteBio','2'),(74,'[M] Método excluir site bio','[MÉTODO][SITE][ADMIN] Método excluir site site bio','dashboard/excluir/excluirSiteBio','Método acionado para excluir o site da bio','mdi mdi-cube-send','site/site_admin/c_excluirSiteBio','2'),(75,'[M] Método status liberar/bloquear canais de atendimento bio','[MÉTODO][SITE][ADMIN] Método status liberar/bloquear canais de atendimento bio','dashboard/atualizar/statusBioCanalAtendimento','Método acionado ao liberar ou bloquear status do canais de atendimento na BIO','mdi mdi-cube-send','site/site_admin/c_statusBioCanalAtendimento','2'),(76,'[M] Método atualizar infos canal de atendimento site bio','[MÉTODO][SITE][ADMIN] Método atualizar infos canal de atendimento site bio','dashboard/atualizar/editarInfosCanalAtendimentoModal','Método acionado ao atualizar os dados do canal de atendimento da BIO','mdi mdi-cube-send','site/site_admin/c_editarInfosCanalAtendimentoModal','2'),(77,'[M] Método excluir site bio','[MÉTODO][SITE][ADMIN] Método excluir site canal de atendimento bio','dashboard/excluir/excluirCanalAtendimentoBioModal','Método acionado para excluir canal de atendimento da bio','mdi mdi-cube-send','site/site_admin/c_excluirCanalAtendimentoBioModal','2'),(78,'[M] Método status liberar/bloquear redes sociais bio','[MÉTODO][SITE][ADMIN] Método status liberar/bloquear redes sociais bio','dashboard/atualizar/statusBioRedesSociais','Método acionado ao liberar ou bloquear status do redes sociais na BIO','mdi mdi-cube-send','site/site_admin/c_statusBioRedesSociais','2'),(79,'[M] Método atualizar infos redes sociais site bio','[MÉTODO][SITE][ADMIN] Método atualizar infos redes sociais site bio','dashboard/atualizar/editarInfosRedesSociaisBio','Método acionado ao atualizar os dados do redes sociais da BIO','mdi mdi-cube-send','site/site_admin/c_editarInfosRedesSociaisBio','2'),(80,'[M] Método rede social site bio','[MÉTODO][SITE][ADMIN] Método excluir site rede social bio','dashboard/excluir/excluirRedesSociaisBio','Método acionado ao excluir rede social da bio','mdi mdi-cube-send','site/site_admin/c_excluirRedesSociaisBio','2'),(81,'[M] Método atualizar informações gerais bio','[MÉTODO][SITE][ADMIN] Método atualizar informações gerais bio','dashboard/atualizar/editarInfosBio','Método acionado para atualizar as informações gerais da BIO','mdi mdi-cube-send','site/site_admin/c_editarInfosBio','2'),(82,' [M] Método atualizar cores e estilo bio','[MÉTODO][SITE][ADMIN] Método atualizar cores e estilo bio','dashboard/atualizar/atualizarCoresEstiloBio','Método acionado ao atualizar cores e estilo da BIO','mdi mdi-cube-send','site/site_admin/c_atualizarCoresEstiloBio','2'),(83,'[M] Método listar sobre - site ourilândia','[MÉTODO][SITE][ADMIN] Método listar dados pagina sobre - site ourilândia','dashboard/site_admin/ourilandia/listarDadosPaginaSobre','Método que carrega os dados ao abrir a página sobre de ourilândia','mdi mdi-cube-send','site/site_admin_ourilandia/c_listarDadosPaginaSobre','1'),(84,'[M] Método listar SEO - site ourilândia','[MÉTODO][SITE][ADMIN] Método listar dados ABA SEO - site ourilândia','dashboard/site_admin/ourilandia/listarConfigsSeo','Método que carrega os dados ao abrir a página SEO de ourilândia','mdi mdi-cube-send','site/site_admin_ourilandia/c_listarConfigsSeo','1'),(85,'[M] Método listar AVISO GLOBAL - site ourilândia','[MÉTODO][SITE][ADMIN] Método listar dados ABA AVISO GLOBAL - site ourilândia','dashboard/site_admin/ourilandia/listarAvisoGlobal','Método que carrega os dados ao abrir aABA AVISO GLOBAL de ourilândia','mdi mdi-cube-send','site/site_admin_ourilandia/c_listarAvisoGlobal','1'),(86,'[M] Método listar Barra superior fixa - site ourilândia','[MÉTODO][SITE][ADMIN] Método listar dados ABA Barra superior fixa - site ourilândia','dashboard/site_admin/ourilandia/listarInfosBarraSuperiorFixa','Método que carrega os dados ao abrir a ABA Barra superior fixa de ourilândia','mdi mdi-cube-send','site/site_admin_ourilandia/c_listarInfosBarraSuperiorFixa','1'),(87,'[M] Método listar links Barra superior fixa - site ourilândia','[MÉTODO][SITE][ADMIN] Método listar dados ABA links Barra superior fixa - site ourilândia','dashboard/site_admin/ourilandia/listarLinksBarraSuperiorFixa','Método que carrega os dados ao abrir a ABA links Barra superior fixa de ourilândia','mdi mdi-cube-send','site/site_admin_ourilandia/c_listarLinksBarraSuperiorFixa','1'),(88,'[M][P] Método listar links Barra superior fixa - site ourilândia','[MÉTODO][SITE][PÚBLICO] Método listar dados links Barra superior fixa - site ourilândia','dashboard/site_admin/ourilandia/listarLinksBarraSuperiorFixaSite','Método para listar os links na barra superior do site ourilândia','mdi mdi-cube-send','site/site_admin_ourilandia/c_listarLinksBarraSuperiorFixaSite','1'),(89,'[M] Método listar SLIDES - site ourilândia','[MÉTODO][SITE][ADMIN] Método listar dados ABA SLIDES (BANNERS) - site ourilândia','dashboard/site_admin/ourilandia/listarSlidesCarousel','Método para listar os slides criados','mdi mdi-cube-send','site/site_admin_ourilandia/c_listarSlidesCarousel','1'),(90,'[M][P] Método listar SLIDES - site ourilândia','[MÉTODO][SITE][PÚBLICO] Método listar dados SLIDES - site ourilândia','dashboard/site_admin/ourilandia/listarSlidesCarouselSite','Método para listar os banners no site de ourilândia','mdi mdi-cube-send','site/site_admin_ourilandia/c_listarSlidesCarouselSite','1'),(91,'[M] Método listar COBERTURA - site ourilândia','[MÉTODO][SITE][ADMIN] Método listar dados ABA Cobertura - site ourilândia','dashboard/site_admin/ourilandia/listarCoberturaAtendimento','Método para listar os dados de cobertura de atendimento','mdi mdi-cube-send','site/site_admin_ourilandia/c_listarCoberturaAtendimento','1'),(92,'[M][P] Método listar Cobertura - site ourilândia','[MÉTODO][SITE][PÚBLICO] Método listar dados Cobertura - site ourilândia','dashboard/site_admin/ourilandia/listarCoberturaAtendimentoSite','Método para listar os dados de cobertura no site ourilândia','mdi mdi-cube-send','site/site_admin_ourilandia/c_listarCoberturaAtendimento','1'),(93,'[M] Método listar RESIDENCIAIS- site ourilândia','[MÉTODO][SITE][ADMIN] Método listar dados ABA RESIDENCIAIS - site ourilândia','dashboard/site_admin/ourilandia/listarPlanosResidenciais','Método para listar os dados dos planos RESIDENCIAIS no site ourilândia','mdi mdi-cube-send','site/site_admin_ourilandia/c_listarPlanosResidenciais','1'),(94,'[M][P] Método listar RESIDENCIAIS - site ourilândia','[MÉTODO][SITE][PÚBLICO] Método listar dados RESIDENCIAIS - site ourilândia','dashboard/site_admin/ourilandia/listarPlanosResidenciaisSite','Método para listar os dados de residenciais no site ourilândia','mdi mdi-cube-send','site/site_admin_ourilandia/c_listarPlanosResidenciaisSite','1'),(95,' [M][P] Método listar EMPRESARIAIS - site ourilândia','[MÉTODO][SITE][PÚBLICO] Método listar dados EMPRESARIAIS - site ourilândia','dashboard/site_admin/ourilandia/listarPlanosEmpresariaisSite','Método para listar os dados de empresariais no site ourilândia','mdi mdi-cube-send','site/site_admin_ourilandia/c_listarPlanosEmpresariaisSite','1'),(96,' [M] Método listar EMPRESARIAIS - site ourilândia','[MÉTODO][SITE][ADMIN] Método listar dados ABA EMPRESARIAIS - site ourilândia','dashboard/site_admin/ourilandia/listarPlanosEmpresariais','Método para listar os dados dos planos EMPRESARIAIS no site ourilândia','mdi mdi-cube-send','site/site_admin_ourilandia/c_listarPlanosEmpresariais','1'),(97,'[M][P] Método listar FALE CONOSCO - site ourilândia','[MÉTODO][SITE][PÚBLICO] Método listar dados FALE CONOSCO - site ourilândia','dashboard/site_admin/ourilandia/listarFaleConoscoRegioes','Método para listar os dados de fale conosco no site ourilândia','mdi mdi-cube-send','site/site_admin_ourilandia/c_listarFaleConoscoRegioes','1'),(98,'[M] Método listar Solicitações de ligações pendentes - site ourilândia','[MÉTODO][SITE][ADMIN] Método listar dados Solicitações de ligações pendentes - site ourilândia','dashboard/site_admin/ourilandia/listarligacoes_pendentes','Método para listar as solicitações de ligações pendentes - site ourilândia','mdi mdi-cube-send','site/site_admin_ourilandia/c_listarligacoes_pendentes','1'),(99,'[M] Método listar Solicitações de ligações efetuadas - site ourilândia','[MÉTODO][SITE][ADMIN] Método listar dados Solicitações de ligações efetuadas - site ourilândia','dashboard/site_admin/ourilandia/listarligacoes_efetuadas','Método para listar as solicitações de ligações efetuadas - site ourilândia','mdi mdi-cube-send','site/site_admin_ourilandia/c_listarligacoes_efetuadas','1'),(100,'[M] Método listar Contratações residenciais pendentes - site ourilândia','[MÉTODO][SITE][ADMIN] Método listar dados Contratações residenciais pendentes - site ourilândia','dashboard/site_admin/ourilandia/listarContratacoes_pendentes','Método para listar as Contratações residenciais pendentes - site ourilândia','mdi mdi-cube-send','site/site_admin_ourilandia/c_listarContratacoes_pendentes','1'),(101,'[M] Método listar Contratações residenciais efetuadas - site ourilândia','[MÉTODO][SITE][ADMIN] Método listar dados Contratações residenciais efetuadas - site ourilândia','dashboard/site_admin/ourilandia/listarContratacoes_efetuadas','Método para listar as Contratações residenciais efetuadas - site ourilândia','mdi mdi-cube-send','site/site_admin_ourilandia/c_listarContratacoes_efetuadas','1'),(102,'[M] Método listar Contratações residenciais empresariais - site ourilândia','[MÉTODO][SITE][ADMIN] Método listar dados Contratações empresariais pendentes - site ourilândia','dashboard/site_admin/ourilandia/listarContratacoesEmpresariais_pendentes','Método para listar as Contratações residenciais empresariais - site ourilândia','mdi mdi-cube-send','site/site_admin_ourilandia/c_listarContratacoesEmpresariais_pendentes','1'),(103,'[M] Método listar Contratações empresariais efetuadas - site ourilândia','[MÉTODO][SITE][ADMIN] Método listar dados Contratações empresariais efetuadas - site ourilândia','dashboard/site_admin/ourilandia/listarContratacoesEmpresariais_efetuadas','Método para listar as Contratações empresariais efetuadas - site ourilândia','mdi mdi-cube-send','site/site_admin_ourilandia/c_listarContratacoesEmpresariais_efetuadas','1'),(104,'[M]  Método listar relatório HOME- Infos ligações - site ourilândia','[MÉTODO][SITE][ADMIN] Método listar relatório HOME- Infos ligações - site ourilândia','dashboard/site_admin/ourilandia/listarInfosLigacoes','Método para listar os dados das ligações na HOME do painel','mdi mdi-cube-send','site/site_admin_ourilandia/c_listarInfosLigacoes','1'),(105,'[M] Método listar relatório HOME- Infos residenciais - site ourilândia','[MÉTODO][SITE][ADMIN] Método listar relatório HOME- Infos residenciais - site ourilândia','dashboard/site_admin/ourilandia/listarInfosResidenciais','Método para listar os dados das residenciais na HOME do painel','mdi mdi-cube-send','site/site_admin_ourilandia/c_listarInfosResidenciais','1'),(106,'[M] Método listar relatório HOME- Infos empresariais - site ourilândia','[MÉTODO][SITE][ADMIN] Método listar relatório HOME- Infos empresariais - site ourilândia','dashboard/site_admin/ourilandia/listarInfosEmpresariais','Método para listar os dados das empresariais na HOME do painel','mdi mdi-cube-send','site/site_admin_ourilandia/c_listarInfosEmpresariais','1'),(107,' [M] Método listar GRÁFICO HOME- MEUS RESULTADOS - site ourilândia','[MÉTODO][SITE][ADMIN] Método listar GRÁFICO HOME- MEUS RESULTADOS - site ourilândia','dashboard/site_admin/ourilandia/listarRelatorioChatjs','Método listar dados para o gráfico Meus resultados','mdi mdi-cube-send','site/site_admin_ourilandia/c_listarRelatorioChatjs','2'),(108,'[M] Método listar GRÁFICO GERAL HOME - site ourilândia','[MÉTODO][SITE][ADMIN] Método listar GRÁFICO GERAL HOME - site ourilândia','dashboard/site_admin/ourilandia/listarRelatorioChatjsGeral','Método listar dados para o gráfico GERAL','mdi mdi-cube-send','site/site_admin_ourilandia/c_listarRelatorioChatjsGeral','2'),(109,'[M] Método listar VALORES GERADOS HOME - site ourilândia','[MÉTODO][SITE][ADMIN] Método listar VALORES GERADOS HOME - site ourilândia','dashboard/site_admin/ourilandia/listarValores','Método que carrega os VALORES GERADOS HOME - site ourilândia','mdi mdi-cube-send','site/site_admin_ourilandia/c_listarValores','2'),(110,'[M] Método listar dados NEWSLETTER - site ourilândia','[MÉTODO][SITE][ADMIN] Método listar dados NEWSLETTER - site ourilândia','dashboard/site_admin/ourilandia/listarNewsletter','Método que carrega os leads das newsletter - site ourilândia','mdi mdi-cube-send','site/site_admin_ourilandia/c_listarNewsletter','2'),(111,'[M] Método cadastrar novo slide - site ourilândia','[MÉTODO][SITE][ADMIN] Método cadastrar novo slide - site ourilândia','dashboard/site_admin/ourilandia/cadastrarNovoSlide','Método acionado ao cadastrar novo slide - site ourilândia','mdi mdi-cube-send','site/site_admin_ourilandia/c_cadastrarNovoSlide','2'),(112,'[M] Método cadastrar novo Link barra fixa - site ourilândia','[MÉTODO][SITE][ADMIN] Método cadastrar novo Link barra fixa - site ourilândia','dashboard/site_admin/ourilandia/cadastrarNovoLinkBarraSupFixa','Método acionado ao cadastrar novo Link barra fixa - site ourilândia','mdi mdi-cube-send','site/site_admin_ourilandia/c_cadastrarNovoLinkBarraSupFixa','2'),(113,'[M] Método cadastrar novo plano residencial - site ourilândia','[MÉTODO][SITE][ADMIN] Método cadastrar novo plano residencial - site ourilândia','dashboard/site_admin/ourilandia/cadastrarNovoPlanoResidencial','Método acionado ao cadastrar novo plano residencial - site ourilândia','mdi mdi-cube-send','site/site_admin_ourilandia/c_cadastrarNovoPlanoResidencial','2'),(114,'[M] Método cadastrar novo plano empresarial - site ourilândia','[MÉTODO][SITE][ADMIN] Método cadastrar novo plano empresarial - site ourilândia','dashboard/site_admin/ourilandia/cadastrarNovoPlanoEmpresarial','Método acionado ao cadastrar novo plano empresarial - site ourilândia','mdi mdi-cube-send','site/site_admin_ourilandia/c_cadastrarNovoPlanoEmpresarial','2'),(115,'[M] Método atualizar dados página sobre - site ourilândia','[MÉTODO][SITE][ADMIN] Método atualizar dados página sobre - site ourilândia','dashboard/site/atualizar/atualizar_dadosSobre','Método acionado ao atualizar os dados da página SOBRE - site ourilândia','mdi mdi-cube-send','site/site_admin_ourilandia/c_atualizar_dadosSobre','2'),(116,'[M] Método atualizar dados página SEO - site ourilândia','[MÉTODO][SITE][ADMIN] Método atualizar dados página SEO - site ourilândia','dashboard/site_admin/ourilandia/atualizarSEO_ourilandia','Método acionado ao atualizar os dados da página SEO - site ourilândia','mdi mdi-cube-send','site/site_admin_ourilandia/c_atualizarSEO_ourilandia','2'),(117,'[M] Método atualizar dados página AVISO GLOBAL - site ourilândia','[MÉTODO][SITE][ADMIN] Método atualizar dados página AVISO GLOBAL - site ourilândia','dashboard/site_admin/ourilandia/atualizarAvisoGlobal_ourilandia','Método acionado ao atualizar os dados da página AVISO GLOBAL - site ourilândia','mdi mdi-cube-send','site/site_admin_ourilandia/c_atualizarAvisoGlobal_ourilandia','2'),(118,'[M] Método atualizar dados página BARRA SUPERIOR FIXA - site ourilândia','[MÉTODO][SITE][ADMIN] Método atualizar dados página BARRA SUPERIOR FIXA - site ourilândia','dashboard/site_admin/ourilandia/atualizarBarraSupFixa_ourilandia','Método acionado ao atualizar os dados da página BARRA SUPERIOR FIXA - site ourilândia','mdi mdi-cube-send','site/site_admin_ourilandia/c_atualizarBarraSupFixa_ourilandia','2'),(119,'[M] Método atualizar dados página LINKS BARRA SUPERIOR FIXA - site ourilândia','[MÉTODO][SITE][ADMIN] Método atualizar dados página LINKS BARRA SUPERIOR FIXA - site ourilândia','dashboard/site_admin/ourilandia/atualizarLinksBarraSuperiorFixa','Método acionado ao atualizar os dados da página LINKS BARRA SUPERIOR FIXA - site ourilândia','mdi mdi-cube-send','site/site_admin_ourilandia/c_atualizarLinksBarraSuperiorFixa','2'),(120,'[M] Método atualizar dados página COBERTURA - site ourilândia','[MÉTODO][SITE][ADMIN] Método atualizar dados página COBERTURA - site ourilândia','dashboard/site_admin/ourilandia/atualizarCoberturaAtendimento','Método acionado ao atualizar os dados da página COBERTURA - site ourilândia','mdi mdi-cube-send','site/site_admin_ourilandia/c_atualizarCoberturaAtendimento','2'),(121,'[M] Método atualizar dados página SLIDE CAROUSEL - site ourilândia','[MÉTODO][SITE][ADMIN] Método atualizar dados página SLIDE CAROUSEL - site ourilândia','dashboard/site_admin/ourilandia/editarItemSlideCarousel','Método acionado ao atualizar os dados da página SLIDE CAROUSEL - site ourilândia','mdi mdi-cube-send','site/site_admin_ourilandia/c_editarItemSlideCarousel','2'),(122,'[M] Método atualizar dados ABRIR LINK NOVA ABA ( Links barra superior fixa) - site ourilândia','[MÉTODO][SITE][ADMIN] Método atualizar dados ABRIR LINK NOVA ABA ( Links barra superior fixa) - site ourilândia','dashboard/site_admin/ourilandia/abrirLinkAba_ourilandia','Método acionado ao atualizar os dados da página ABRIR LINK NOVA ABA ( Links barra superior fixa) - site ourilândia','mdi mdi-cube-send','site/site_admin_ourilandia/c_abrirLinkAba_ourilandia','2'),(123,'[M] Método status liberar/bloquear links barra superior fixa - site ourilândia','[MÉTODO][SITE][ADMIN] Método status liberar/bloquear links barra superior fixa - site ourilândia','dashboard/site_admin/ourilandia/liberarBloquearStatusLinksBarraSupFixa','Método status liberar/bloquear links barra superior fixa - site ourilândia','mdi mdi-cube-send','site/site_admin_ourilandia/c_liberarBloquearStatusLinksBarraSupFixa','2'),(124,'[M] Método status liberar/bloquear item carousel - site ourilândia','[MÉTODO][SITE][ADMIN] Método status liberar/bloquear item carousel - site ourilândia','dashboard/site_admin/ourilandia/liberarStatusItemCarouselSlide','Método status liberar/bloquear  item carousel - site ourilândia','mdi mdi-cube-send','site/site_admin_ourilandia/c_liberarStatusItemCarouselSlide','2'),(125,'[M] Método status liberar/bloquear  visibilidade cobertura - site ourilândia','[MÉTODO][SITE][ADMIN] Método status liberar/bloquear  visibilidade cobertura - site ourilândia','dashboard/site_admin/ourilandia/liberarStatusCoberturaAtendimento','Método status liberar/bloquear  visibilidade cobertura - site ourilândia','mdi mdi-cube-send','site/site_admin_ourilandia/c_liberarStatusCoberturaAtendimento','2'),(126,'[M] Método escolher plano destaque residencial - site ourilândia','[MÉTODO][SITE][ADMIN] Método escolher plano destaque residencial - site ourilândia','dashboard/site_admin/ourilandia/atualizarPlanoDestaqueResidencial','Método escolher plano destaque residencial - site ourilândia','mdi mdi-cube-send','site/site_admin_ourilandia/c_atualizarPlanoDestaqueResidencial','2'),(127,'[M] Método status liberar/bloquear plano residencial - site ourilândia','[MÉTODO][SITE][ADMIN] Método status liberar/bloquear plano residencial - site ourilândia','dashboard/site_admin/ourilandia/atualizarPlanoStatusResidencial','Método status liberar/bloquear  PLANO RESIDENCIAL - site ourilândia','mdi mdi-cube-send','site/site_admin_ourilandia/c_atualizarPlanoStatusResidencial','2'),(128,'[M] Método atualizar dados PLANO RESIDENCIAL - site ourilândia','[MÉTODO][SITE][ADMIN] Método atualizar dados PLANO RESIDENCIAL - site ourilândia','dashboard/site_admin/ourilandia/atualizarPlanoResidencial','Método acionado ao atualizar os dados PLANO RESIDENCIAL - site ourilândia','mdi mdi-cube-send','site/site_admin_ourilandia/c_atualizarPlanoResidencial','2'),(129,'[M] Método escolher plano destaque empresarial - site ourilândia','[MÉTODO][SITE][ADMIN] Método escolher plano destaque empresarial - site ourilândia','dashboard/site_admin/ourilandia/atualizarPlanoDestaqueEmpresarial','Método escolher plano destaque empresarial - site ourilândia','mdi mdi-cube-send','site/site_admin_ourilandia/c_atualizarPlanoDestaqueEmpresarial','2'),(130,'[M] Método status liberar/bloquear plano empresarial - site ourilândia','[MÉTODO][SITE][ADMIN] Método status liberar/bloquear plano empresarial - site ourilândia','dashboard/site_admin/ourilandia/atualizarStatusPlanoEmpresarial','Método status liberar/bloquear  PLANO EMPRESARIAL- site ourilândia','mdi mdi-cube-send','site/site_admin_ourilandia/c_atualizarStatusPlanoEmpresarial','2'),(131,'[M] Método atualizar dados PLANO EMPRESARIAL - site ourilândia','[MÉTODO][SITE][ADMIN] Método atualizar dados PLANO EMPRESARIAL- site ourilândia','dashboard/site_admin/ourilandia/atualizarPlanoEmpresarial','Método acionado ao atualizar os dados PLANO EMPRESARIAL - site ourilândia','mdi mdi-cube-send','site/site_admin_ourilandia/c_atualizarPlanoEmpresarial','2'),(132,'[M] Método recepcionar ligação - site ourilândia','[MÉTODO][SITE][ADMIN] Método recepcionar ligação - site ourilândia','dashboard/site_admin/ourilandia/recepcionarLigacao','Método acionado ao recepcionar solicitação de ligação - site ourilândia','mdi mdi-cube-send','site/site_admin_ourilandia/c_recepcionarLigacao','2'),(133,'[M] Método recepcionar plano residencial - site ourilândia','[MÉTODO][SITE][ADMIN] Método recepcionar plano residencial - site ourilândia','dashboard/site_admin/ourilandia/recepcionarContratarPlanoresidencial','Método acionado ao recepcionar solicitação de plano residencial - site ourilândia','mdi mdi-cube-send','site/site_admin_ourilandia/c_recepcionarContratarPlanoresidencial','2'),(134,'[M] Método recepcionar plano empresarial - site ourilândia','[MÉTODO][SITE][ADMIN] Método recepcionar plano empresarial - site ourilândia','dashboard/site_admin/ourilandia/recepcionarContratacaoEmpresarial','Método acionado ao recepcionar solicitação de plano empresarial - site ourilândia','mdi mdi-cube-send','site/site_admin_ourilandia/c_recepcionarContratacaoEmpresarial','2'),(135,'[M] Método excluir link barra superior - site ourilândia','[MÉTODO][SITE][ADMIN] Método excluir link barra superior - site ourilândia','dashboard/site_admin/ourilandia/excluirLinkBarraSuperiorFixa','Método acionado ao excluir link barra superior - site ourilândia','mdi mdi-cube-send','site/site_admin_ourilandia/c_excluirLinkBarraSuperiorFixa','2'),(136,'[M] Método  excluir item carousel - site ourilândia','[MÉTODO][SITE][ADMIN] Método excluir item carousel - site ourilândia','dashboard/site_admin/ourilandia/excluirItemSlideCarousel','Método acionado ao excluir item carousel - site ourilândia','mdi mdi-cube-send','site/site_admin_ourilandia/c_excluirItemSlideCarousel','2'),(137,' [M] Método excluir plano residencial - site ourilândia','[MÉTODO][SITE][ADMIN] Método excluir plano residencial - site ourilândia','dashboard/site_admin/ourilandia/excluirPlanoResidencial','Método acionado ao excluir plano residencial - site ourilândia','mdi mdi-cube-send','site/site_admin_ourilandia/c_excluirPlanoResidencial','2'),(138,'[M] Método excluir plano empresarial - site ourilândia','[MÉTODO][SITE][ADMIN] Método excluir plano empresarial - site ourilândia','dashboard/site_admin/ourilandia/excluirPlanoEmpresarial','Método acionado ao excluir plano empresarial - site ourilândia','mdi mdi-cube-send','site/site_admin_ourilandia/c_excluirPlanoEmpresarial','2'),(139,'[M] Método listar dados empresa','[MÉTODO][EMPRESA][ADMIN] Método listar dados da empresa','dashboard/listagens/listarInformacoesEmpresa','Método acionado ao carregar a página da empresa','mdi mdi-cube-send','empresa/c_listarInformacoesEmpresa','1'),(140,'[M] Método atualizar dados da empresa','[MÉTODO][EMPRESA][ADMIN] Método atualizar dados da empresa','dashboard/atualizar/atualizarDadosEmpresa','Método acionado ao atualizar dados da empresa','mdi mdi-cube-send','empresa/c_atualizarDadosEmpresa','2'),(141,'[M] Método CHECAR dados da empresa','[MÉTODO][EMPRESA][ADMIN] Método CHECAR dados da empresa','listagens/primeiroAcesso/checarEmpresa','Método acionado para chegar os dados da empresa ao abrir qualquer página','mdi mdi-cube-send','empresa/c_checarEmpresa','1'),(142,'[V] Selecionar template - landing page','[VIEW][LP][ADMIN] Página selecionar template','dashboard/templates/selecionarTemplate/(:any)','Página selecionar template de landing page','mdi mdi-newspaper','landingpage/v_selecionarTemplate/(:any)','1'),(143,'[V] configurar template (todos os serviços) - landing page','[VIEW][LP][ADMIN] Página configurar template (todos os serviços)','dashboard/templates/configurarTemplate/(:any)','Página para configurar todos os serviços da landing page selecionada','mdi mdi-newspaper','landingpage/v_configurarTemplate/(:any)','1'),(144,'[M] Criar nova landing page','[MÉTODO][LP][ADMIN] Criar nova landing page','dashboard/cadastro/cadastrarNovaLandingPage','Método acionado para criar nova landing page','mdi mdi-cube-send','landingpage/c_cadastrarNovaLandingPage','2'),(145,'[M] Método listar landing pages','[MÉTODO][LP][ADMIN] Método listar todas landing pages','dashboard/listagens/listarTodasLandingPages','Método acionado ao carregar a página de landing pages','mdi mdi-cube-send','landingpage/c_listarTodasLandingPages','1'),(146,'[M] Listar landing pages','[MÉTODO][LP][ADMIN] Método listar dados de configs gerais landing pages','dashboard/listagens/listarDadosConfigs','Método acionado na página de configurações gerais, lista os dados da página','mdi mdi-cube-send','landingpage/c_listarDadosConfigs','1'),(147,'[M] Método listar grupos (pág landing page)','[MÉTODO][LP][ADMIN] Método listar grupos na página cadastrar nova  landing pages','dashboard/listagens/listarGrupo','Método acionado ao carregar página de cadastro de nova landing page, carrega os grupos no select','mdi mdi-cube-send','landingpage/c_listarGrupos','1'),(148,'[M] Método atualizar configurações gerais - landing page','[MÉTODO][LP][ADMIN] Método atualizar dados de configurações gerais - landing page','landingpages/atualizar/configuracoes','Método acionado ao atualizar as configurações gerais da landing page','mdi mdi-cube-send','landingpage/atualizarConfigsLandingPage','2'),(149,'[M] Método atualizar status bloquear/liberar - landing page','[MÉTODO][LP][ADMIN] Método atualizar status bloquear/liberar - landing page','landingpages/atualizar/atualizarStatusLandingPage','Método acionado ao atualizar o status da landing page selecionada','mdi mdi-cube-send','landingpage/c_atualizarStatusLandingPage','2'),(150,'[M] Método excluir landing page','[MÉTODO][LP][ADMIN] Método excluir landing page','landingpages/excluir/excluirLandingPages','Método acionado ao excluir landing page','mdi mdi-cube-send','landingpage/c_excluirLandingPages','2'),(151,'[M] Método atualizar informações landing page','[MÉTODO][LP][ADMIN] Método atualizar informações landing page','landingpages/atualizar/editarLandingPage','Método acionado ao atualizar as informações da landing page','mdi mdi-cube-send','landingpage/c_editarLandingPage','2'),(152,'[M] Cadastrar novo template - Landing page','[MÉTODO][LP][ADMIN] Método cadastrar novo template - landing page','dashboard/cadastro/cadastrarNovoTemplateLandingPage','Método acionado ao cadastrar novo template para landing pages','mdi mdi-cube-send','landingpage/c_cadastrarNovoTemplateLandingPage','2'),(153,'[M] Método listar templates - landing page','[MÉTODO][LP][ADMIN] Método listar templates - landing page','dashboard/listagens/listarTodosTemplates','Método acionado ao carregar a página de templates, lista todos os templates criados','mdi mdi-cube-send','landingpage/c_listarTodosTemplates','1'),(154,'[M] Método atualizar status liberar/bloquear templates - landing page','[MÉTODO][LP][ADMIN] Método atualizar status liberar/bloquear templates - landing page','dashboard/atualizar/atualizarStatusTemplates','Método acionado ao alterar status do template - landing page','mdi mdi-cube-send','landingpage/c_atualizarStatusTemplates','2'),(155,'[M] Método atualizar informações templates - landing page','[MÉTODO][LP][ADMIN] Método atualizar informações templates - landing page','dashboard/atualizar/atualizarDadosTemplate','Método acionado ao atualizar informações do template - landing page','mdi mdi-cube-send','landingpage/c_atualizarDadosTemplate','2'),(156,'[M] Método excluir templates - landing page','[MÉTODO][LP][ADMIN] Método excluir templates - landing page','dashboard/excluir/excluirTemplate','Método acionado ao excluir template - landing page','mdi mdi-cube-send','landingpage/c_excluirTemplate','2'),(157,'[M] Método selecionar template para landing page','[MÉTODO][LP][ADMIN] Método selecionar template para landing page - landing page','dashboard/atualizar/atualizarTemplateSelecionadoLandingPage','Método acionado para selecionar template para landing page','mdi mdi-cube-send','landingpage/c_atualizarTemplateSelecionadoLandingPage','2'),(158,'[V] Leads - Landing page','[VIEW][LP][ADMIN] Página para acompanhar leads - landing page','dashboard/landingPages/leads/(:any)','Página para acompanhar os leads das landing pages','mdi mdi-newspaper','landingpage/Leads/v_leads/(:any)','1'),(159,'[M] Método relatório de acesso gerais - landing page','[MÉTODO][LP][ADMIN] Método relatório de acesso gerais - landing page','dashboard/listagens/listarRelatorioAcessos/(:any)','Método acionado ao abrir a página, lista todos os dados de acessos gerais','mdi mdi-cube-send','landingpage/Leads/c_listarRelatorioAcessos/$1','1'),(160,'[M] Método relatório de leads gerais - landing page','[MÉTODO][LP][ADMIN] Método relatório de leads gerais - landing page','dashboard/listagens/listarRelatoriosLeads/(:any)','Método acionado ao abrir a página, lista todos os dados de leads gerais','mdi mdi-cube-send','landingpage/Leads/c_listarRelatoriosLeads/$1','1'),(161,'[M] Método relatório de acessos semanais - landing page','[MÉTODO][LP][ADMIN] Método relatório de acessos semanais - landing page','dashboard/listagens/listarRelatorioSemana/(:any)','Método acionado ao abrir a página, lista todos os dados de ACESSOS SEMANAIS gerais','mdi mdi-cube-send','landingpage/Leads/c_listarRelatorioSemana/$1','1'),(162,'[M] Método relatório de acessos mensais - landing page','[MÉTODO][LP][ADMIN] Método relatório de acessos mensais - landing page','dashboard/listagens/listarRelatorioMensal/(:any)','Método acionado ao abrir a página, lista todos os dados de ACESSOS MENSAIS ','mdi mdi-cube-send','landingpage/Leads/c_listarRelatorioMensal/$1','1'),(163,'[M] Método relatório de acessos anual - landing page','MÉTODO][LP][ADMIN] Método relatório de acessos anual - landing page','dashboard/listagens/listarRelatorioAnual/(:any)','Método acionado ao abrir a página, lista todos os dados de ACESSOS ANIAL','mdi mdi-cube-send','landingpage/Leads/c_listarRelatorioAnual/$1','1'),(164,'[M] Método relatório CADASTROS LEADS GERAIS - landing page','[MÉTODO][LP][ADMIN] Método relatório CADASTROS LEADS GERAIS - landing page','dashboard/listagens/listarRelatoriosCadastros/(:any)','Método acionado para carregar as quantidades gerais dos cadastros','mdi mdi-cube-send','landingpage/Leads/c_listarRelatoriosCadastros/$1','1'),(165,'[M] Método relatório CADASTROS LEADS DIÁRIOS - landing page','[MÉTODO][LP][ADMIN] Método relatório CADASTROS LEADS DIÁRIOS - landing page','dashboard/listagens/listarRelatorioCadastrosDiario/(:any)','Método acionado ao subir o modal para ver os cadastros diários - landing pages','mdi mdi-cube-send','landingpage/Leads/c_listarRelatorioCadastrosDiario/$1','1'),(166,'[M] Método relatório CADASTROS LEADS SEMANAIS - landing page','[MÉTODO][LP][ADMIN] Método relatório CADASTROS LEADS SEMANAIS - landing page','dashboard/listagens/listarRelatorioCadastrosSemanal/(:any)','Método acionado ao subir o modal para ver os cadastros semanais - landing pages','mdi mdi-cube-send','landingpage/Leads/c_listarRelatorioCadastrosSemanal/$1','1'),(167,'[M] Método relatório CADASTROS LEADS MENSAIS - landing page','[MÉTODO][LP][ADMIN] Método relatório CADASTROS LEADS MENSAIS - landing page','dashboard/listagens/listarRelatorioCadastrosMensal/(:any)','Método acionado ao subir o modal para ver os cadastros mensais - landing pages','mdi mdi-cube-send','landingpage/Leads/c_listarRelatorioCadastrosMensal/$1','1'),(168,'[M] Método relatório CADASTROS LEADS ANUAL - landing page','[MÉTODO][LP][ADMIN] Método relatório CADASTROS LEADS MENSAIS - landing page','dashboard/listagens/listarRelatorioCadastrosAnual/(:any)','Método acionado ao subir o modal para ver os cadastros anual - landing pages','mdi mdi-cube-send','landingpage/Leads/c_listarRelatorioCadastrosAnual/$1','1'),(169,'[M] Método relatório CADASTROS FACEBOOK - landing page','[MÉTODO][LP][ADMIN] Método relatório CADASTROS FACEBOOK - landing page','dashboard/listagens/listarRelatorioCadastrosFacebook/(:any)','Método acionado ao subir o modal para ver os cadastros FACEBOOK - landing pages','mdi mdi-cube-send','landingpage/Leads/c_listarRelatorioCadastrosFacebook/$1','1'),(170,'[M] Método relatório CADASTROS INSTAGRAM - landing page','[MÉTODO][LP][ADMIN] Método relatório CADASTROS INSTAGRAM - landing page','dashboard/listagens/listarRelatorioCadastrosInstagram/(:any)','Método acionado ao subir o modal para ver os cadastros INSTAGRAM - landing pages','mdi mdi-cube-send','landingpage/Leads/c_listarRelatorioCadastrosInstagram/$1','1'),(171,'[M] Método relatório CADASTROS WHATSAPP - landing page','[MÉTODO][LP][ADMIN] Método relatório CADASTROS WHATSAPP - landing page','dashboard/listagens/listarRelatorioCadastrosWhatsApp/(:any)','Método acionado ao subir o modal para ver os cadastros WHATSAPP - landing pages','mdi mdi-cube-send','landingpage/Leads/c_listarRelatorioCadastrosWhatsApp/$1','1'),(172,'[M] Método relatório CADASTROS GOOGLE - landing page','[MÉTODO][LP][ADMIN] Método relatório CADASTROS GOOGLE - landing page','dashboard/listagens/listarRelatorioCadastrosGoogle/(:any)','Método acionado ao subir o modal para ver os cadastros GOOGLE - landing pages','mdi mdi-cube-send','landingpage/Leads/c_listarRelatorioCadastrosGoogle/$1','1'),(173,'[M] Método relatório CADASTROS YOUTUBE - landing page','[MÉTODO][LP][ADMIN] Método relatório CADASTROS YOUTUBE - landing page','dashboard/listagens/listarRelatorioCadastrosYouTube/(:any)','Método acionado ao subir o modal para ver os cadastros YOUTUBE - landing pages','mdi mdi-cube-send','landingpage/Leads/c_listarRelatorioCadastrosYouTube/$1','1'),(174,'[M] Método relatório CADASTROS MESSEGER - landing pagee','[MÉTODO][LP][ADMIN] Método relatório CADASTROS MESSEGER - landing page','dashboard/listagens/listarRelatorioCadastrosMessenger/(:any)','Método acionado ao subir o modal para ver os cadastros MESSEGER - landing pages','mdi mdi-cube-send','landingpage/Leads/c_listarRelatorioCadastrosMessenger/$1','1'),(175,'[M] Método relatório CADASTROS AMIGOS - landing page','[MÉTODO][LP][ADMIN] Método relatório CADASTROS AMIGOS - landing page','dashboard/listagens/listarRelatorioCadastrosAmigos/(:any)','Método acionado ao subir o modal para ver os cadastros AMIGOS - landing pages','mdi mdi-cube-send','landingpage/Leads/c_listarRelatorioCadastrosAmigos/$1','1'),(176,'[M] Método relatório CADASTROS OUTROS - landing page','[MÉTODO][LP][ADMIN] Método relatório CADASTROS OUTROS - landing page','dashboard/listagens/listarRelatorioCadastrosOutros/(:any)','Método acionado ao subir o modal para ver os cadastros OUTROS - landing pages','mdi mdi-cube-send','landingpage/Leads/c_listarRelatorioCadastrosOutros/$1','1'),(177,'[M] Método relatório CADASTROS TOTAIS ONDE NOS CONHECEU - landing page','[MÉTODO][LP][ADMIN] Método relatório CADASTROS TOTAIS ONDE NOS CONHECEU - landing page','dashboard/listagens/listarRelatorioCadastrosTotais/(:any)','Método acionado ao subir o modal para ver os cadastros TOTAIS ONDE NOS CONHECEU - landing pages','mdi mdi-cube-send','landingpage/Leads/c_listarRelatorioCadastrosTotais/$1','1'),(178,'[M] Método relatório CADASTROS TOTAIS CLIQUES - landing page','[MÉTODO][LP][ADMIN] Método relatório CADASTROS TOTAIS CLIQUES - landing page','dashboard/listagens/listarRelatoriosClicks/(:any)','Método acionado ao subir o modal para ver os cadastros TOTAIS CLIQUES - landing pages','mdi mdi-cube-send','landingpage/Leads/c_listarRelatoriosClicks/$1','1'),(179,'[M] Método relatório CADASTROS CLIQUES DIÁRIOS - landing page','[MÉTODO][LP][ADMIN] Método relatório CADASTROS CLIQUES DIÁRIOS - landing page','dashboard/listagens/listarRelatorioClicksDiario/(:any)','Método acionado ao subir o modal para ver os cadastros CLIQUES DIÁRIOS - landing pages','mdi mdi-cube-send','landingpage/Leads/c_listarRelatorioClicksDiario/$1','1'),(180,'[M] Método relatório CADASTROS CLIQUES SEMANAL - landing page','[MÉTODO][LP][ADMIN] Método relatório CADASTROS CLIQUES SEMANAL - landing page','dashboard/listagens/listarRelatorioClicksSemanal/(:any)','Método acionado ao subir o modal para ver os cadastros CLIQUES SEMANAL - landing pages','mdi mdi-cube-send','landingpage/Leads/c_listarRelatorioClicksSemanal/$1','1'),(181,'[M] Método relatório CADASTROS CLIQUES MENSAL - landing page','[MÉTODO][LP][ADMIN] Método relatório CADASTROS CLIQUES MENSAL - landing page','dashboard/listagens/listarRelatorioClicksMensal/(:any)','Método acionado ao subir o modal para ver os cadastros CLIQUES MENSAL - landing pages','mdi mdi-cube-send','landingpage/Leads/c_listarRelatorioClicksMensal/$1','1'),(182,'[M] Método relatório CADASTROS CLIQUES ANUAL - landing page','[MÉTODO][LP][ADMIN] Método relatório CADASTROS CLIQUES ANUAL - landing page','dashboard/listagens/listarRelatorioClicksAnual/(:any)','Método acionado ao subir o modal para ver os cadastros CLIQUES ANUAL - landing pages','mdi mdi-cube-send','landingpage/Leads/c_listarRelatorioClicksAnual/$1','1'),(183,'[M] Método relatório CADASTROS CLIQUES BOTÕES - landing page','[MÉTODO][LP][ADMIN] Método relatório CADASTROS CLIQUES BOTÕES - landing page','dashboard/listagens/listarRelatorioClicksBotoes/(:any)','Método acionado ao subir o modal para ver os cadastros CLIQUES BOTÕES - landing pages','mdi mdi-cube-send','landingpage/Leads/c_listarRelatorioClicksBotoes/$1','1'),(184,'[M] Método DOWNLOAD RELATÓRIO ACESSOS DIÁRIOS - LEADS - landing page','[MÉTODO][LP][ADMIN] Método DOWNLOAD RELATÓRIO ACESSOS DIÁRIOS - LEADS - landing page','dashboard/relatorios/downListarRelatoriosAcessosDia/(:any)','Método acionado ao solicitar DOWNLOAD do relatório de ACESSOS DIÁRIO - LEADS',' mdi mdi-cloud-download','landingpage/Leads/c_downListarRelatoriosAcessosDia/$1','1'),(185,'[M] Método DOWNLOAD RELATÓRIO ACESSOS SEMANAL - LEADS - landing page','[MÉTODO][LP][ADMIN] Método DOWNLOAD RELATÓRIO ACESSOS SEMANAL - LEADS - landing page','dashboard/relatorios/downListarRelatoriosAcessosSemana/(:any)','Método acionado ao solicitar DOWNLOAD do relatório de ACESSOS SEMANAL - LEADS','mdi mdi-cloud-download','landingpage/Leads/c_downListarRelatoriosAcessosSemana/$1','1'),(186,'[M] Método DOWNLOAD RELATÓRIO ACESSOS MENSAL - LEADS - landing page','[MÉTODO][LP][ADMIN] Método DOWNLOAD RELATÓRIO ACESSOS MENSAL - LEADS - landing page','dashboard/relatorios/downListarRelatoriosAcessosMes/(:any)','Método acionado ao solicitar DOWNLOAD do relatório de ACESSOS MENSAL - LEADS','mdi mdi-cloud-download','landingpage/Leads/c_downListarRelatoriosAcessosMes/$1','1'),(187,'[M] Método DOWNLOAD RELATÓRIO ACESSOS ANUAL - LEADS - landing page','[MÉTODO][LP][ADMIN] Método DOWNLOAD RELATÓRIO ACESSOS ANUAL - LEADS - landing page','dashboard/relatorios/downListarRelatoriosAcessosAno/(:any)','Método acionado ao solicitar DOWNLOAD do relatório de ACESSOS ANUAL - LEADS','mdi mdi-cloud-download','landingpage/Leads/c_downListarRelatoriosAcessosAno/$1','1'),(188,'[M] Método DOWNLOAD RELATÓRIO CADASTROS DIÁRIOS - LEADS - landing page','[MÉTODO][LP][ADMIN] Método DOWNLOAD RELATÓRIO CADASTROS DIÁRIOS - LEADS - landing page','dashboard/relatorios/downListarRelatoriosCadastroDia/(:any)','Método acionado ao solicitar DOWNLOAD do relatório de CADASTROS DIÁRIOS - LEADS','mdi mdi-cloud-download','landingpage/Leads/c_downListarRelatoriosCadastroDia/$1','1'),(189,'[M] Método DOWNLOAD RELATÓRIO CADASTROS SEMANAL - LEADS - landing page','[MÉTODO][LP][ADMIN] Método DOWNLOAD RELATÓRIO CADASTROS SEMANAL - LEADS - landing page','dashboard/relatorios/downListarRelatoriosCadastroSemana/(:any)','Método acionado ao solicitar DOWNLOAD do relatório de CADASTROS SEMANAL - LEADS','mdi mdi-cloud-download','landingpage/Leads/c_downListarRelatoriosCadastroSemana/$1','1'),(190,'[M] Método DOWNLOAD RELATÓRIO CADASTROS MENSAL - LEADS - landing page','[MÉTODO][LP][ADMIN] Método DOWNLOAD RELATÓRIO CADASTROS MENSAL - LEADS - landing page','dashboard/relatorios/downListarRelatoriosCadastroMes/(:any)','Método acionado ao solicitar DOWNLOAD do relatório de CADASTROS MENSAL - LEADS','mdi mdi-cloud-download','landingpage/Leads/c_downListarRelatoriosCadastroMes/$1','1'),(191,'[M] Método DOWNLOAD RELATÓRIO CADASTROS ANUAL - LEADS - landing page','[MÉTODO][LP][ADMIN] Método DOWNLOAD RELATÓRIO CADASTROS ANUAL - LEADS - landing page','dashboard/relatorios/downListarRelatoriosCadastroAno/(:any)','Método acionado ao solicitar DOWNLOAD do relatório de CADASTROS ANUAL - LEADS','mdi mdi-cloud-download','landingpage/Leads/c_downListarRelatoriosCadastroAno/$1','1'),(192,'[M] Método DOWNLOAD RELATÓRIO CLIQUES BOTÕES DIÁRIO - LEADS - landing page','[MÉTODO][LP][ADMIN] Método DOWNLOAD RELATÓRIO CLIQUES BOTÕES DIÁRIO - LEADS - landing page','dashboard/relatorios/downListarRelatoriosClicksBotoesDia/(:any)','Método acionado ao solicitar DOWNLOAD do relatório de CLIQUES BOTÕES DIÁRIOS - LEADS','mdi mdi-cloud-download','landingpage/Leads/c_downListarRelatoriosClicksBotoesDia/$1','1'),(193,'[M] Método DOWNLOAD RELATÓRIO CLIQUES BOTÕES SEMANAL - LEADS - landing page','[MÉTODO][LP][ADMIN] Método DOWNLOAD RELATÓRIO CLIQUES BOTÕES SEMANAL- LEADS - landing page','dashboard/relatorios/downListarRelatoriosClicksBotoesSemana/(:any)','Método acionado ao solicitar DOWNLOAD do relatório de CLIQUES BOTÕES SEMANAL - LEADS','mdi mdi-cloud-download','landingpage/Leads/c_downListarRelatoriosClicksBotoesSemana/$1','1'),(194,'[M] Método DOWNLOAD RELATÓRIO CLIQUES BOTÕES MENSAL - LEADS - landing page','[MÉTODO][LP][ADMIN] Método DOWNLOAD RELATÓRIO CLIQUES BOTÕES MENSAL - LEADS - landing page','dashboard/relatorios/downListarRelatoriosClicksBotoesMes/(:any)','Método acionado ao solicitar DOWNLOAD do relatório de CLIQUES BOTÕES MENSAL - LEADS','mdi mdi-cloud-download','landingpage/Leads/c_downListarRelatoriosClicksBotoesMes/$1','1'),(195,'[M] Método DOWNLOAD RELATÓRIO CLIQUES BOTÕES ANUAL - LEADS - landing page','[MÉTODO][LP][ADMIN] Método DOWNLOAD RELATÓRIO CLIQUES BOTÕES ANUAL - LEADS - landing page','dashboard/relatorios/downListarRelatoriosClicksBotoesAno/(:any)','Método acionado ao solicitar DOWNLOAD do relatório de CLIQUES BOTÕES ANUAL - LEADS','mdi mdi-cloud-download','landingpage/Leads/c_downListarRelatoriosClicksBotoesAno/$1','1'),(196,'[M][T] Método listar dados HEAD e SEO - landing page','[MÉTODO][LP][ADMIN][TEMP] Método listar dados HEAD e SEO - landing page','dashboard/listagens/listarHeadSEO/(:any)','Método acionado ao listar dados HEAD e SEO - landing page','mdi mdi-cube-send','landingpage/Modelos/c_listarHeadSEO/(:any)','1'),(197,'[M][T] Método ATUALIZAR dados HEAD e SEO - landing page','[MÉTODO][LP][ADMIN][TEMP] Método ATUALIZAR dados HEAD e SEO - landing page','dashboard/atualizar/atualizarHeadSEO','Método acionado ao ATUALIZAR dados HEAD e SEO - landing page','mdi mdi-cube-send','landingpage/Modelos/c_atualizarHeadSEO','2'),(198,'[M][T] Método LISTAR dados MENU SLIDE - landing page','[MÉTODO][LP][ADMIN][TEMP] Método LISTAR dados MENU SLIDE - landing page','dashboard/listagens/listarLogoMenuSlide/(:any)','Método acionado ao LISTAR dados MENU SLIDE - landing page','mdi mdi-cube-send','landingpage/Modelos/c_listarLogoMenuSlide/(:any)','1'),(199,'[M][T] Método ATUALIZAR dados LOGO, MENU, SLIDE - landing page','[MÉTODO][LP][ADMIN][TEMP] Método ATUALIZAR dados LOGO, MENU, SLIDE - landing page','dashboard/atualizar/atualizarformLogoMenuSlide','Método acionado ao ATUALIZAR dados OGO, MENU, SLIDE - landing page','mdi mdi-cube-send','landingpage/Modelos/c_atualizarformLogoMenuSlide','2'),(200,'[M][T] Método LISTAR dados FORMULÁRIOS - landing page','[MÉTODO][LP][ADMIN][TEMP] Método LISTAR dados FORMULÁRIOS - landing page','dashboard/listagens/listarForms/(:any)','Método acionado ao LISTAR dados FORMULÁRIOS - landing page','mdi mdi-cube-send','landingpage/Modelos/c_listarForms/(:any)','1'),(201,'[M][T] Método ATUALIZAR dados FORMULÁRIOS - landing page','[MÉTODO][LP][ADMIN][TEMP] Método ATUALIZAR dados FORMULÁRIOS - landing page','dashboard/atualizar/atualizarFormularios','Método acionado ao ATUALIZAR dados FORMULÁRIOS - landing page','mdi mdi-cube-send','landingpage/Modelos/c_atualizarFormularios','2'),(202,'[M][T] Método LISTAR dados REDES SOCIAIS - landing page','[MÉTODO][LP][ADMIN][TEMP] Método LISTAR dados REDES SOCIAIS - landing page','dashboard/listagens/listarRedesSociais/(:any)','Método acionado ao LISTAR dados REDES SOCIAIS  - landing page','mdi mdi-cube-send','landingpage/Modelos/c_listarRedesSociais/(:any)','1'),(203,'[M][T] Método ATUALIZAR dados REDES SOCIAIS - landing page','[MÉTODO][LP][ADMIN][TEMP] Método ATUALIZAR dados REDES SOCIAIS - landing page','dashboard/atualizar/atualizarRedesSociais','Método acionado ao ATUALIZAR dados REDES SOCIAIS  - landing page','mdi mdi-cube-send','landingpage/Modelos/c_atualizarRedesSociais','2'),(204,'[M][T] Método LISTAR dados SERVIÇOS - landing page','[MÉTODO][LP][ADMIN][TEMP] Método LISTAR dados SERVIÇOS - landing page','dashboard/listagens/listarServicos/(:any)','Método acionado ao LISTAR dados SERVIÇOS - landing page','mdi mdi-cube-send','landingpage/Modelos/c_listarServicos/(:any)','1'),(205,'[M][T] Método ATUALIZAR dados SERVIÇO 1 - landing page','[MÉTODO][LP][ADMIN][TEMP] Método ATUALIZAR dados SERVIÇO 1 - landing page','dashboard/atualizar/atualizarServico1','Método acionado ao ATUALIZAR dados SERVIÇO 1 - landing page','mdi mdi-cube-send','landingpage/Modelos/c_atualizarServico1','2'),(206,'[M][T] Método ATUALIZAR dados SERVIÇO 2 - landing page','[MÉTODO][LP][ADMIN][TEMP] Método ATUALIZAR dados SERVIÇO 2 - landing page','dashboard/atualizar/atualizarServico2','Método acionado ao ATUALIZAR dados SERVIÇO 2 - landing page','mdi mdi-cube-send','landingpage/Modelos/c_atualizarServico2','2'),(207,'[M][T] Método ATUALIZAR dados SERVIÇO 3 - landing page','[MÉTODO][LP][ADMIN][TEMP] Método ATUALIZAR dados SERVIÇO 3 - landing page','dashboard/atualizar/atualizarServico3','Método acionado ao ATUALIZAR dados SERVIÇO 3 - landing page','mdi mdi-cube-send','landingpage/Modelos/c_atualizarServico3','2'),(208,'[M][T] Método ATUALIZAR dados SERVIÇO 4 - landing page','[MÉTODO][LP][ADMIN][TEMP] Método ATUALIZAR dados SERVIÇO 4 - landing page','dashboard/atualizar/atualizarServico4','Método acionado ao ATUALIZAR dados SERVIÇO 4 - landing page','mdi mdi-cube-send','landingpage/Modelos/c_atualizarServico4','2'),(209,'[M][T] Método ATUALIZAR dados SERVIÇO 5 - landing page','[MÉTODO][LP][ADMIN][TEMP] Método ATUALIZAR dados SERVIÇO 5 - landing page','dashboard/atualizar/atualizarServico5','Método acionado ao ATUALIZAR dados SERVIÇO 5 - landing page','mdi mdi-cube-send','landingpage/Modelos/c_atualizarServico5','2'),(210,'[M][T] Método ATUALIZAR dados SERVIÇO 6 - landing page','[MÉTODO][LP][ADMIN][TEMP] Método ATUALIZAR dados SERVIÇO 6 - landing page','dashboard/atualizar/atualizarServico6','Método acionado ao ATUALIZAR dados SERVIÇO 6 - landing page','mdi mdi-cube-send','landingpage/Modelos/c_atualizarServico6','2'),(211,'[M][T] Método ATUALIZAR dados SERVIÇO 7 - landing page','[MÉTODO][LP][ADMIN][TEMP] Método ATUALIZAR dados SERVIÇO 7 - landing page','dashboard/atualizar/atualizarServico7','Método acionado ao ATUALIZAR dados SERVIÇO 7 - landing page','mdi mdi-cube-send','landingpage/Modelos/c_atualizarServico7','2'),(212,'[M][T] Método ATUALIZAR dados SERVIÇO 8 - landing page','[MÉTODO][LP][ADMIN][TEMP] Método ATUALIZAR dados SERVIÇO 8 - landing page','dashboard/atualizar/atualizarServico8','Método acionado ao ATUALIZAR dados SERVIÇO 8 - landing page','mdi mdi-cube-send','landingpage/Modelos/c_atualizarServico8','2'),(213,' [M][T] Método ATUALIZAR dados PÁGINA DE SUCESSO - landing page','[MÉTODO][LP][ADMIN][TEMP] Método ATUALIZAR dados PÁGINA DE SUCESSO - landing page','dashboard/atualizar/atualizarServico_paginaSucesso','Método acionado ao ATUALIZAR dados PÁGINA DE SUCESSO - landing page','mdi mdi-cube-send','landingpage/Modelos/c_atualizarServico_paginaSucesso','2'),(214,'[M][P] Método Contador de visitas - landing page','[MÉTODO][LP][PÚBLICO] Método Contador de visitas - landing page','dashboard/contador','Método acionado ao abrir a landing page e contar as visitas recebinas nela','mdi mdi-cube-send','landingpage/c_contador','2'),(215,'[M][P] Método Contador de tempo online - landing page','[MÉTODO][LP][PÚBLICO] Método Contar o tempo online do usuário - landing page','dashboard/contador/tempoOnline/(:any)','Método acionado para contar o tempo que o usuário fica na página da landing page','mdi mdi-cube-send','landingpage/c_tempoOnline/(:any)','2'),(216,'[M][P] Método Contar os cliques nos botões - landing pag','[MÉTODO][LP][PÚBLICO] Método Contar os cliques nos botões - landing page','dashboard/contador/clicks/(:any)','Método acionado ao clicar nos botões da landing page','mdi mdi-cube-send','landingpage/c_clicks/(:any)','2'),(217,'[M][P] Método cadastrar novo lead - landing page','[MÉTODO][LP][PÚBLICO] Método cadastrar novo lead - landing page','dashboard/cadastro/leadsCadastroForm1/(:any)','Método acionado ao cadastrar novo lead na landing page','mdi mdi-cube-send','landingpage/c_leadsCadastroForm1/(:any)','2'),(218,'[M] Atualizar dados do usuário','[MÉTODO][USUÁRIOS][ADMIN] Atualizar dados do usuário','dashboard/usuarios/atualizarDadosUsuario','Método acionado ao atualizar os dados do usuário no modal','mdi mdi-cube-send','usuarios/c_atualizarDadosUsuario','2'),(219,'[M] Atualizar status bloquear/liberar usuário','[MÉTODO][USUÁRIOS][ADMIN] Atualizar status bloquear/liberar usuário','dashboard/usuarios/atualizarStatusUsuario','Método acionado ao liberar ou bloquear usuário','mdi mdi-cube-send','usuarios/c_atualizarStatusUsuario','2'),(220,'[M] Excluir usuário','[MÉTODO][USUÁRIOS][ADMIN] Excluir usuário','dashboard/usuarios/deletarDadosUsuario','Método acionado ao excluir usuário','mdi mdi-cube-send','usuarios/c_deletarDadosUsuario','2'),(221,'[M] Listar dados minha conta - usuário','[MÉTODO][USUÁRIOS][ADMIN] Listar dados minha conta - usuário','dashboard/usuarios/dadosMinhaConta','Método acionado ao carregar a página minha conta','mdi mdi-cube-send','usuarios/c_dadosMinhaConta','1'),(222,'[M] Atualizar dados minha conta - usuário','[MÉTODO][USUÁRIOS][ADMIN] Atualizar dados minha conta - usuário','dashboard/usuarios/atualizarMinhaContaUsuario','Método acionado ao atualizar os dados do usuário na página minha conta','mdi mdi-cube-send','usuarios/c_atualizarMinhaContaUsuario','2'),(223,'[M] Listar níveis de acesso na página  de usuários - usuário','[MÉTODO][USUÁRIOS][ADMIN] Listar níveis de acesso na página de gestão de usuários - usuário','dashboard/usuarios/listaNivelAcessoUsuarios','Método acionado para listar os dados dos níveis de acesso para popular o select no form de cadastro de novo usuário','mdi mdi-cube-send','painel/c_listaNivelAcessoUsuarios','1'),(224,'[M] Listar configurações de disparo (SMTP)','[MÉTODO][NEWSLETTER][ADMIN] Listar configurações de disparo (SMTP)','dashboard/listagens/listarConfigs_disparo','Método acionado ao carregar a página para listar os dados de disparo','mdi mdi-cube-send','newsletter/c_listarConfigs_disparo','1'),(225,'[M] Atualizar configurações de disparo (SMTP)','[MÉTODO][NEWSLETTER][ADMIN] atualizar configurações de disparo (SMTP)','dashboard/atualizar/atualizarConfigsDisparo','método acionado ao atualizar os dados de disparo da newsletter','mdi mdi-cube-send','newsletter/c_atualizarConfigsDisparo','2'),(226,'[M] Criár nova página - Páginas','[MÉTODO][PERMISSÕES][ADMIN] Criár nova página - Páginas','dashboard/permissoes/criarPagina','Método acionado ao criar nova página no sistema','mdi mdi-cube-send','permissoes/c_criarPagina','2'),(227,'[M] Listar páginas - Páginas','[MÉTODO][PERMISSÕES][ADMIN] Listar páginas - Páginas','dashboard/permissoes/listarPaginas','método acionado ao carregar página de gestão das páginas','mdi mdi-cube-send','permissoes/c_listarPaginas','1'),(228,'[M] Atualizar informações da página - Páginas','[MÉTODO][PERMISSÕES][ADMIN] Atualizar informações da página - Páginas','dashboard/permissoes/atualizarDadosPaginas','Método acionado ao atualizar as informações da página via modal','mdi mdi-cube-send','permissoes/c_atualizarDadosPaginas','2'),(229,' [M][ADMIN] Excluir página - Páginas',' [MÉTODO][PERMISSÕES][ADMIN] Excluir página - Páginas','dashboard/permissoes/deletarDadosPagina','Método acionado ao excluir página','mdi mdi-cube-send','permissoes/c_deletarDadosPagina','2'),(230,'[M] Criar novo  nível de acesso','[MÉTODO][PERMISSÕES][ADMIN] Criar novo  nível de acesso','dashboard/permissoes/criarNivelAcesso','Método acionado para criar novo nível de acesso','mdi mdi-cube-send','permissoes/c_criarNivelAcesso','2'),(231,'[M] Listar nível de acesso','[MÉTODO][PERMISSÕES][ADMIN] Listar nível de acesso','dashboard/permissoes/listarNiveisAcesso','Método acionado ao carregar a página de nível de acesso, lista todos os níveis criados','mdi mdi-cube-send','permissoes/c_listarNiveisAcesso','1'),(232,'[M] Atualizar informações de nível de acesso','[MÉTODO][PERMISSÕES][ADMIN] Atualizar informações de nível de acesso','dashboard/permissoes/atualizarNivelAcesso','Método acionado ao atualizar as informações do nível de acesso','mdi mdi-cube-send','permissoes/c_atualizarNivelAcesso','2'),(233,'[M] Excluir nível de acesso','[MÉTODO][PERMISSÕES][ADMIN] Excluir nível de acesso','dashboard/permissoes/deletarNivelAcesso','Método acionado ao excluir nível de acesso','mdi mdi-cube-send','permissoes/c_deletarNivelAcesso','2'),(234,'[M] Remover página do nível de acesso','[MÉTODO][PERMISSÕES][ADMIN] Remover página do nível de acesso','dashboard/permissoes/associarRemoverPagina','Método acionado ao remover a página do nível de acesso, na página de gestão de permissões do nível de acesso','mdi mdi-cube-send','permissoes/c_associarRemoverPagina','2'),(235,'[M] Atualizar status MENU página','[MÉTODO][PERMISSÕES][ADMIN] Atualizar status MENU página','dashboard/permissoes/liberarBloquearMenu','Método acionado ao liberar ou bloquear acesso ao menu do nível de acesso','mdi mdi-cube-send','permissoes/c_liberarBloquearMenu','2'),(236,'[M] Liberar permissão ao nível','[MÉTODO][PERMISSÕES][ADMIN] Liberar permissão ao nível','dashboard/permissoes/liberarBloquearPermissao','Método acionado ao permitir o nível acessar a página','mdi mdi-cube-send','permissoes/c_liberarBloquearPermissao','2'),(237,'[] Liberar permissão ao nível 2 (verificar)','[MÉTODO][PERMISSÕES][ADMIN] Liberar permissão ao nível 2','dashboard/permissoes/bloquearPermissao','Método para liberar acesso do nível a página','mdi mdi-cube-send','permissoes/c_bloquearPermissao','2'),(238,'[M] Criar novo grupo/lista','[MÉTODO][NEWSLETTER][ADMIN] Criar novo grupo/lista','cadastros/cadastrarGrupo','Método acionado ao criar novo grupo/lista','mdi mdi-cube-sen','newsletter/c_cadastrarGrupo','2'),(239,'[M] Listar grupo/lista existentes','[MÉTODO][NEWSLETTER][ADMIN] Listar grupo/lista existentes','listagens/listarGrupo','Método acionado ao carregar a página de grupos/listas - lista os grupos existentes','mdi mdi-cube-send','newsletter/c_listarGrupos','1'),(240,'[M] Atualizar informações do grupo/lista','[MÉTODO][NEWSLETTER][ADMIN] Atualizar informações do grupo/lista','alteracoes/alterarGrupo','Método acionado ao atualizar os dados do grupo/lista','mdi mdi-cube-send','newsletter/c_alterarGrupos','2'),(241,'[M] Excluir grupo/lista','[MÉTODO][NEWSLETTER][ADMIN] Excluir grupo/lista','exclusoes/excluirGrupo','Método acionado ao excluir grupo/lista','mdi mdi-cube-send','newsletter/c_excluirGrupo','2'),(242,'[M] Cadastrar e-mail individual','[MÉTODO][NEWSLETTER][ADMIN] Cadastrar e-mail individual','cadastros/cadastrarEmailIndividual','Método acionado ao cadastrar no e-mail individual','mdi mdi-cube-send','newsletter/c_cadastrarEmailIndividual','2'),(243,'[M] Listar e-mails','[MÉTODO][NEWSLETTER][ADMIN] Listar e-mails','listagens/listarListasEmails','Método acionado ao carregar a página de gestão de e-mails - lista todos os e-mails','mdi mdi-cube-send','newsletter/c_listarListasEmails','1'),(244,'[M] importar lista CSV de e-mails','[MÉTODO][NEWSLETTER][ADMIN] importar lista CSV de e-mails','cadastros/cadastrarListaEmailCSV','Método acionado ao importar lista de e-mails','mdi mdi-cube-send','newsletter/c_cadastrarListaEmailCSV','2'),(245,'[M] Excluir lista de e-mails','[MÉTODO][NEWSLETTER][ADMIN] Excluir lista de e-mails','exclusoes/excluirEmailsLista','Método acionado ao excluir lista de e-mails','mdi mdi-cube-send','newsletter/c_excluirEmailsLista','2'),(246,'[M] Cadastrar nova campanha','[MÉTODO][NEWSLETTER][ADMIN] Cadastrar nova campanha','cadastros/cadastrarNovaCampanha','Método acionado ao cadastrar nova campanha de newsletter','mdi mdi-cube-send','newsletter/c_cadastrarNovaCampanha','2'),(247,'[M] Atualizar dados da campanha de newsletter','[MÉTODO][NEWSLETTER][ADMIN] Atualizar dados da campanha de newsletter','alteracoes/alterarCampanha','Método acionado ao atualizar informações da campanha','mdi mdi-cube-send','newsletter/c_alterarCampanha','2'),(248,'[M] Listar campanhas pendentes','[MÉTODO][NEWSLETTER][ADMIN] Listar campanhas pendentes','listagens/listarCampanhas','Método acionado ao carregar a página de campanhas - lista as campanhas pendentes','mdi mdi-cube-send','newsletter/c_listarCampanhas','1'),(249,'[M] Listar campanhas enviadas','[MÉTODO][NEWSLETTER][ADMIN] Listar campanhas enviadas','listagens/listarCampanhasEnviadas','Método acionado ao carregar a página de campanhas - lista as campanhas enviadas','mdi mdi-cube-send','newsletter/c_listarCampanhasEnviadas','1'),(250,'[M] Excluir campanha de newsletter','[MÉTODO][NEWSLETTER][ADMIN] Excluir campanha de newsletter','exclusoes/excluirCampanha','Método acionado ao excluir campanha de newsletter','mdi mdi-cube-send','newsletter/c_excluirCampanha','2'),(251,'[M] Preparar campanha para envio','[MÉTODO][NEWSLETTER][ADMIN] Preparar campanha para envio','cadastros/prepararCampanhaEnvio','Método acionado quando clicar no botão ENVIAR da campanha de newsletter','mdi mdi-cube-send','newsletter/c_prepararCampanhaEnvio','2'),(252,'[M] Cadastrar template de e-mail -  news','[MÉTODO][NEWSLETTER][ADMIN] Cadastrar template de e-mail -  news','cadastros/cadastrarNovoModeloTemplateEmail','Método acionado ao cadastrar novo template de e-mail','mdi mdi-cube-send','newsletter/c_cadastrarNovoModeloTemplateEmail','2'),(253,'[M] Listar templates de e-mails cadastrados - news','[MÉTODO][NEWSLETTER][ADMIN] Listar templates de e-mails cadastrados - news','listagens/listarModelosTemplateEmails','Método acionado ao carregar a página de templates de e-mail - Lista todos','mdi mdi-cube-send','newsletter/c_listarModelosTemplateEmails','1'),(254,'[M] Atualizar status template de e-mail - news','[MÉTODO][NEWSLETTER][ADMIN] Atualizar status template de e-mail - news','dashboard/atualizar/atualizarStatusModeloTemplate','Método acionado ao atualizar o status do template de e-mail','mdi mdi-cube-send','newsletter/c_atualizarStatusModeloTemplate','2'),(255,' [M] Atualizar informações template de e-mail - news',' [MÉTODO][NEWSLETTER][ADMIN] Atualizar informações template de e-mail - news','dashboard/atualizar/atualizarInfosModeloTemplate','Método acionado ao atualizar as informações do template de e-mail','mdi mdi-cube-send','newsletter/c_atualizarInfosModeloTemplate','2'),(256,'[M] Excluir template de e-mail - news','[MÉTODO][NEWSLETTER][ADMIN] Excluir template de e-mail - news','dashboard/exclusoes/excluirModeloTemplateEmail','Método acionado ao excluir template de e-mail','mdi mdi-cube-send','newsletter/c_excluirModeloTemplateEmail','2'),(257,' [M] Listar configurações de template de e-mail - news',' [MÉTODO][NEWSLETTER][ADMIN] Listar configurações de template de e-mail - news','listagens/listarConfigsTemplateEmails','Método acionado ao carregar a página - lista as configurações de template de e-mail','mdi mdi-cube-send','newsletter/c_listarConfigsTemplateEmails','1'),(258,'[M] Atualizar configurações de template de e-mail - news','[MÉTODO][NEWSLETTER][ADMIN] Atualizar configurações de template de e-mail - news','dashboard/atualizar/atualizarDadosConfigsTempEmail','Metodo acionado ao atualizar as informações de configurações de template de e-mail','mdi mdi-cube-send','newsletter/c_atualizarDadosConfigsTempEmail','2'),(259,'[M] Listar campanhas ao selecionar template de e-mail - news','[MÉTODO][NEWSLETTER][ADMIN] Listar campanhas ao selecionar template de e-mail - news','listagens/listarCampanhasTemplates','Método acionado ao carregar a página de seleção de template de e-mails - lista todas as campanhas disponíveis','mdi mdi-cube-send','newsletter/c_listarCampanhasTemplates','1'),(260,'[M] Listar os templates ao selecionar template de e-mail - news','[MÉTODO][NEWSLETTER][ADMIN] Listar os templates ao selecionar template de e-mail - news','listagens/listarModelosTemplateEmailsTabela','Método acionado ao carregar a página de seleção de template de e-mails - lista todos os templates disponíveis','mdi mdi-cube-send','newsletter/c_listarModelosTemplateEmailsTabela','1'),(261,'[M] Atualiza o template de e-mail escolhido - news','[MÉTODO][NEWSLETTER][ADMIN] Atualiza o template de e-mail escolhido - news','alteracoes/atualizarTemplateEmailCampanha','Método acionado ao selecionar o template de e-mail para a campanha de newsletter','mdi mdi-cube-send','newsletter/c_atualizarTemplateEmailCampanha','2'),(262,'[M] Cancelar inscrição de newsletter','[MÉTODO][NEWSLETTER][ADMIN] Cancelar inscrição de newsletter','newsletter/cancelar_inscricaoNews','Método acionado ao cancelar inscrição de newsletter - página de cancelr inscrição','mdi mdi-cube-send','newsletter/c_cancelar_inscricaoNews','2'),(263,'[M] Listar campanhas de newsletters sendo enviadas','[MÉTODO][NEWSLETTER][ADMIN] Listar campanhas de newsletters sendo enviadas','listagens/listarEnviosAndamento','Método acionado ao carregar a página de disparos, lista as campanhas sendo enviadas','mdi mdi-cube-send','newsletter/c_listarEnviosAndamento','1'),(264,'[M] Listar campanhas enviadas','[MÉTODO][NEWSLETTER][ADMIN] Listar campanhas enviadas','listagens/listarEnviosEnviadosOK','Método acionado ao carregar a página de disparos, lista as campanhas já enviadas','mdi mdi-cube-send','newsletter/c_listarEnviosEnviadosOK','1'),(265,'[M] Disparar envios','[MÉTODO][NEWSLETTER][ADMIN] Disparar envios','newsletter/disparo_newsletter','Método acionado pela CRON de disparo das campanhas','mdi mdi-cube-send','newsletter/c_disparo_newsletter','1'),(266,'[M] Download relatório de envios das campanhas','[MÉTODO][NEWSLETTER][ADMIN] Download relatório de envios das campanhas','dashboard/listagens/relatorioEnvios/(:any)','Método acionado ao fazer download do relatório de envio das camapanhas de newsletter','mdi mdi-cube-send','newsletter/c_relatorioEnvios/$1','2');
/*!40000 ALTER TABLE `pu_paginas` ENABLE KEYS */;
UNLOCK TABLES;

--
-- Table structure for table `usuarios`
--

DROP TABLE IF EXISTS `usuarios`;
/*!40101 SET @saved_cs_client     = @@character_set_client */;
/*!40101 SET character_set_client = utf8 */;
CREATE TABLE `usuarios` (
  `id_usuario` int(11) NOT NULL,
  `login_usuario` varchar(45) NOT NULL,
  `senha_usuario` varchar(145) NOT NULL,
  `nome_usuario` varchar(45) NOT NULL,
  `email_usuario` varchar(90) NOT NULL,
  `status_usuario` enum('0','1') NOT NULL,
  `nivelAcesso_usuario` int(11) DEFAULT NULL,
  `imagem_usuario` varchar(145) NOT NULL DEFAULT 'default.png',
  `token_usuario` varchar(145) DEFAULT NULL,
  `senhaAlterada_usuario` enum('0','1','2') DEFAULT NULL,
  PRIMARY KEY (`id_usuario`)
) ENGINE=InnoDB DEFAULT CHARSET=utf8;
/*!40101 SET character_set_client = @saved_cs_client */;

--
-- Dumping data for table `usuarios`
--

LOCK TABLES `usuarios` WRITE;
/*!40000 ALTER TABLE `usuarios` DISABLE KEYS */;
INSERT INTO `usuarios` VALUES (1,'josheffer','$2y$10$P/vl6jfzg7pZo.ErCHVzxuTa0ybo9I1K03iXcnRZ8IUt5Zs1ewgaq','Josheffer Robert','josheffer@gmail.com','1',1,'img_usuario_1867971687.jpg','dthpaon2ukdk145u66vvg3q6bafrd5c0','2'),(2,'joao','$2y$10$WFUmjTeH9iMDx8yQZzQRs.4Aekq1pnVMumrpxzUGI0bg5kCOnjYr2','jose','faladevyt@gmail.com','1',2,'default.png','tersrs9ph7g4qqnooejnrdut9e6auoiq','2'),(3,'sdasdasd','$2y$10$8zMZ2wwzRn9.NUh3lInbL.SeFnmIIZ7UWgjncIp/vb5wvMi9/iGcm','asdasd','asdasldkj@gmail.com','1',11,'default.png',NULL,'0'),(4,'teste','$2y$10$GpMWvZvbYeFHZjGv8FgTJ.gSjOXbZO4kfvEJ1fBp05ys.RhzPa/wW','teste','teste123@gmail.com','1',10,'default.png',NULL,'0'),(5,'asdqweqw','$2y$10$7oUIC/zLq2M/F6g5Im818ezdC80lIMxpndI34PZaZp.Kije5WpICC','asdasd','asdadqweqw@gmail.com','1',11,'default.png',NULL,'0');
/*!40000 ALTER TABLE `usuarios` ENABLE KEYS */;
UNLOCK TABLES;
/*!40103 SET TIME_ZONE=@OLD_TIME_ZONE */;

/*!40101 SET SQL_MODE=@OLD_SQL_MODE */;
/*!40014 SET FOREIGN_KEY_CHECKS=@OLD_FOREIGN_KEY_CHECKS */;
/*!40014 SET UNIQUE_CHECKS=@OLD_UNIQUE_CHECKS */;
/*!40101 SET CHARACTER_SET_CLIENT=@OLD_CHARACTER_SET_CLIENT */;
/*!40101 SET CHARACTER_SET_RESULTS=@OLD_CHARACTER_SET_RESULTS */;
/*!40101 SET COLLATION_CONNECTION=@OLD_COLLATION_CONNECTION */;
/*!40111 SET SQL_NOTES=@OLD_SQL_NOTES */;

-- Dump completed on 2020-11-05  1:38:22
