-- MySQL dump 10.13  Distrib 8.0.19, for Win64 (x86_64)
--
-- Host: 192.168.10.10    Database: ispmais_painel
-- ------------------------------------------------------
-- Server version	5.7.29-0ubuntu0.18.04.1

/*!40101 SET @OLD_CHARACTER_SET_CLIENT=@@CHARACTER_SET_CLIENT */;
/*!40101 SET @OLD_CHARACTER_SET_RESULTS=@@CHARACTER_SET_RESULTS */;
/*!40101 SET @OLD_COLLATION_CONNECTION=@@COLLATION_CONNECTION */;
/*!50503 SET NAMES utf8 */;
/*!40103 SET @OLD_TIME_ZONE=@@TIME_ZONE */;
/*!40103 SET TIME_ZONE='+00:00' */;
/*!40014 SET @OLD_UNIQUE_CHECKS=@@UNIQUE_CHECKS, UNIQUE_CHECKS=0 */;
/*!40014 SET @OLD_FOREIGN_KEY_CHECKS=@@FOREIGN_KEY_CHECKS, FOREIGN_KEY_CHECKS=0 */;
/*!40101 SET @OLD_SQL_MODE=@@SQL_MODE, SQL_MODE='NO_AUTO_VALUE_ON_ZERO' */;
/*!40111 SET @OLD_SQL_NOTES=@@SQL_NOTES, SQL_NOTES=0 */;

--
-- Table structure for table `empresa`
--

DROP TABLE IF EXISTS `empresa`;
/*!40101 SET @saved_cs_client     = @@character_set_client */;
/*!50503 SET character_set_client = utf8mb4 */;
CREATE TABLE `empresa` (
  `id_empresa` int(11) NOT NULL,
  `razaoSocial_empresa` varchar(145) DEFAULT NULL,
  `nomeFantasia_empresa` varchar(145) DEFAULT NULL,
  `cnpj_empresa` varchar(20) DEFAULT NULL,
  `email_empresa` varchar(120) DEFAULT NULL,
  `telefone_empresa` varchar(15) DEFAULT NULL,
  `nomeResponsavel_empresa` varchar(45) DEFAULT NULL,
  `telefoneResponsavel_empresa` varchar(15) DEFAULT NULL,
  `emailResponsavel_empresa` varchar(120) DEFAULT NULL,
  `cpfResponsavel_empresa` varchar(20) DEFAULT NULL,
  `imagem_empresa` varchar(145) DEFAULT NULL,
  `status_empresa` enum('0','1') DEFAULT '0',
  PRIMARY KEY (`id_empresa`)
) ENGINE=InnoDB DEFAULT CHARSET=utf8;
/*!40101 SET character_set_client = @saved_cs_client */;

--
-- Dumping data for table `empresa`
--

LOCK TABLES `empresa` WRITE;
/*!40000 ALTER TABLE `empresa` DISABLE KEYS */;
INSERT INTO `empresa` VALUES (1,'ISP MAIS TELECOM LTDA','ISP Mais Telecom','14.429.925/0001-67','sampaio@ispmais.com','(94) 3434-2444','Diones Fernandes Sampaio','94 99161-0469','diones.sampaio@gmail.com','006.956.771-95','img_logo_empresa_1173207400.png','1');
/*!40000 ALTER TABLE `empresa` ENABLE KEYS */;
UNLOCK TABLES;

--
-- Table structure for table `pu_niveis_paginas`
--

DROP TABLE IF EXISTS `pu_niveis_paginas`;
/*!40101 SET @saved_cs_client     = @@character_set_client */;
/*!50503 SET character_set_client = utf8mb4 */;
CREATE TABLE `pu_niveis_paginas` (
  `id_niveisPaginas` int(11) NOT NULL,
  `id_nivelAcesso` varchar(45) DEFAULT NULL,
  `id_pagina` varchar(45) DEFAULT NULL,
  `permissao_niveisPaginas` enum('0','1') DEFAULT NULL,
  `menu_niveisPaginas` enum('0','1') DEFAULT NULL,
  `add_niveisPaginas` enum('0','1') DEFAULT NULL,
  PRIMARY KEY (`id_niveisPaginas`)
) ENGINE=InnoDB DEFAULT CHARSET=utf8;
/*!40101 SET character_set_client = @saved_cs_client */;

--
-- Dumping data for table `pu_niveis_paginas`
--

LOCK TABLES `pu_niveis_paginas` WRITE;
/*!40000 ALTER TABLE `pu_niveis_paginas` DISABLE KEYS */;
INSERT INTO `pu_niveis_paginas` VALUES (11,'1','1','1','1','1'),(22,'1','2','1','0','1'),(33,'1','3','1','0','1'),(44,'1','4','1','0','1'),(55,'1','5','1','0','1'),(66,'1','6','1','0','1'),(77,'1','7','1','0','1'),(88,'1','8','1','0','1'),(99,'1','9','1','0','1'),(110,'1','10','1','0','1'),(121,'1','11','1','0','1'),(132,'1','12','1','0','1'),(143,'1','13','1','0','1'),(154,'1','14','1','0','1'),(165,'1','15','1','1','1'),(176,'1','16','1','0','1'),(187,'1','17','1','0','1'),(198,'1','18','1','0','1'),(209,'1','19','1','0','1'),(220,'1','20','1','0','1'),(231,'1','21','1','0','1'),(242,'1','22','1','0','1'),(253,'1','23','1','0','1'),(264,'1','24','1','0','1'),(275,'1','25','1','0','1'),(286,'1','26','1','1','1'),(297,'1','27','1','0','1'),(308,'1','28','1','0','1'),(319,'1','29','1','0','1'),(330,'1','30','1','0','1'),(341,'1','31','1','0','1'),(352,'1','32','1','1','1'),(363,'1','33','1','0','1'),(374,'1','34','1','1','1'),(385,'1','35','1','1','1'),(396,'1','36','1','0','1'),(407,'1','37','1','0','1'),(418,'1','38','1','0','1'),(429,'1','39','1','1','1'),(440,'1','40','1','0','1'),(451,'1','41','1','0','1'),(462,'1','42','1','0','1'),(473,'1','43','1','0','1'),(484,'1','44','1','0','1'),(495,'1','45','1','0','1'),(506,'1','46','1','0','1'),(517,'1','47','1','0','1'),(528,'1','48','1','0','1'),(539,'1','49','1','0','1'),(550,'1','50','1','0','1'),(561,'1','51','1','0','1'),(572,'1','52','1','0','1'),(583,'1','53','1','0','1'),(594,'1','54','1','0','1'),(605,'1','55','1','0','1'),(616,'1','56','1','0','1'),(627,'1','57','1','0','1'),(638,'1','58','1','0','1'),(649,'1','59','1','0','1'),(660,'1','60','1','0','1'),(671,'1','61','1','0','1'),(682,'1','62','1','0','1'),(693,'1','63','1','0','1'),(704,'1','64','1','0','1'),(715,'1','65','1','0','1'),(726,'1','66','1','0','1'),(737,'1','67','1','0','1'),(748,'1','68','1','0','1'),(759,'1','69','1','0','1'),(770,'1','70','1','0','1'),(781,'1','71','1','0','1'),(792,'1','72','1','0','1'),(803,'1','73','1','0','1'),(814,'1','74','1','0','1'),(825,'1','75','1','0','1'),(836,'1','76','1','0','1'),(847,'1','77','1','0','1'),(858,'1','78','1','0','1'),(869,'1','79','1','0','1'),(880,'1','80','1','0','1'),(891,'1','81','1','0','1'),(902,'1','82','1','0','1'),(913,'1','83','1','0','1'),(924,'1','84','1','0','1'),(935,'1','85','1','0','1'),(946,'1','86','1','0','1'),(957,'1','87','1','0','1'),(968,'1','88','1','0','1'),(979,'1','89','1','0','1'),(990,'1','90','1','0','1'),(1001,'1','91','1','0','1'),(1012,'1','92','1','0','1'),(1023,'1','93','1','0','1'),(1034,'1','94','1','0','1'),(1045,'1','95','1','0','1'),(1056,'1','96','1','0','1'),(1067,'1','97','1','0','1'),(1078,'1','98','1','0','1'),(1089,'1','99','1','0','1'),(1100,'1','100','1','0','1'),(1111,'1','101','1','0','1'),(1122,'1','102','1','0','1'),(1133,'1','103','1','0','1'),(1144,'1','104','1','0','1'),(1155,'1','105','1','0','1'),(1166,'1','106','1','0','1'),(1177,'1','107','1','0','1'),(1188,'1','108','1','0','1'),(1199,'1','109','1','0','1'),(1210,'1','110','1','0','1'),(1221,'1','111','1','0','1'),(1232,'1','112','1','0','1'),(1243,'1','113','1','0','1'),(1254,'1','114','1','0','1'),(1265,'1','115','1','0','1'),(1276,'1','116','1','0','1'),(1287,'1','117','1','0','1'),(1298,'1','118','1','0','1'),(1309,'1','119','1','0','1'),(1320,'1','120','1','0','1'),(1331,'1','121','1','0','1'),(1342,'1','122','1','0','1'),(1353,'1','123','1','0','1'),(1364,'1','124','1','0','1'),(1375,'1','125','1','0','1'),(1386,'1','126','1','0','1'),(1397,'1','127','1','0','1'),(1408,'1','128','1','0','1'),(1419,'1','129','1','0','1'),(1430,'1','130','1','0','1'),(1441,'1','131','1','0','1'),(1452,'1','132','1','0','1'),(1463,'1','133','1','0','1'),(1474,'1','134','1','0','1'),(1485,'1','135','1','0','1'),(1496,'1','136','1','0','1'),(1507,'1','137','1','0','1'),(1518,'1','138','1','0','1'),(1529,'1','139','1','0','1'),(1540,'1','140','1','0','1'),(1551,'1','141','1','0','1'),(1562,'1','142','1','0','1'),(1573,'1','143','1','0','1'),(1584,'1','144','1','0','1'),(1595,'1','145','1','0','1'),(1606,'1','146','1','0','1'),(1617,'1','147','1','0','1'),(1628,'1','148','1','0','1'),(1639,'1','149','1','0','1'),(1650,'1','150','1','0','1'),(1661,'1','151','1','0','1'),(1672,'1','152','1','0','1'),(1683,'1','153','1','0','1'),(1694,'1','154','1','0','1'),(1705,'1','155','1','0','1'),(1716,'1','156','1','0','1'),(1727,'1','157','1','0','1'),(1738,'1','158','1','0','1'),(1749,'1','159','1','0','1'),(1760,'1','160','1','0','1'),(1771,'1','161','1','0','1'),(1782,'1','162','1','0','1'),(1793,'1','163','1','0','1'),(1804,'1','164','1','0','1'),(1815,'1','165','1','0','1'),(1826,'1','166','1','0','1'),(1837,'1','167','1','0','1'),(1848,'1','168','1','0','1'),(1859,'1','169','1','0','1'),(1870,'1','170','1','0','1'),(1881,'1','171','1','0','1'),(1892,'1','172','1','0','1'),(1903,'1','173','1','0','1'),(1914,'1','174','1','0','1'),(1925,'1','175','1','0','1'),(1936,'1','176','1','0','1'),(1947,'1','177','1','0','1'),(1958,'1','178','1','0','1'),(1969,'1','179','1','0','1'),(1980,'1','180','1','0','1'),(1991,'1','181','1','0','1'),(2002,'1','182','1','0','1'),(2013,'1','183','1','0','1'),(2024,'1','184','1','0','1'),(2035,'1','185','1','0','1'),(2046,'1','186','1','0','1'),(2057,'1','187','1','0','1'),(2068,'1','188','1','0','1'),(2079,'1','189','1','0','1'),(2090,'1','190','1','0','1'),(2101,'1','191','1','0','1'),(2112,'1','192','1','0','1'),(2123,'1','193','1','0','1'),(2134,'1','194','1','0','1'),(2145,'1','195','1','0','1'),(2156,'1','196','1','0','1'),(2167,'1','197','1','0','1'),(2178,'1','198','1','0','1'),(2189,'1','199','1','0','1'),(2200,'1','200','1','0','1'),(2211,'1','201','1','0','1'),(2222,'1','202','1','0','1'),(2233,'1','203','1','0','1'),(2244,'1','204','1','0','1'),(2255,'1','205','1','0','1'),(2266,'1','206','1','0','1'),(2277,'1','207','1','0','1'),(2288,'1','208','1','0','1'),(2299,'1','209','1','0','1'),(2310,'1','210','1','0','1'),(2321,'1','211','1','0','1'),(2332,'1','212','1','0','1'),(2343,'1','213','1','0','1'),(2354,'1','214','1','0','1'),(2365,'1','215','1','0','1'),(2376,'1','216','1','0','1'),(2387,'1','217','1','0','1'),(2398,'1','218','1','0','1'),(2409,'1','219','1','0','1'),(2420,'1','220','1','0','1'),(2431,'1','221','1','0','1'),(2442,'1','222','1','0','1'),(2453,'1','223','1','0','1'),(2464,'1','224','1','0','1'),(2475,'1','225','1','0','1'),(2486,'1','226','1','0','1'),(2497,'1','227','1','0','1'),(2508,'1','228','1','0','1'),(2519,'1','229','1','0','1'),(2530,'1','230','1','0','1'),(2541,'1','231','1','0','1'),(2552,'1','232','1','0','1'),(2563,'1','233','1','0','1'),(2574,'1','234','1','0','1'),(2585,'1','235','1','0','1'),(2596,'1','236','1','0','1'),(2607,'1','237','1','0','1'),(2618,'1','238','1','0','1'),(2629,'1','239','1','0','1'),(2640,'1','240','1','0','1'),(2651,'1','241','1','0','1'),(2662,'1','242','1','0','1'),(2673,'1','243','1','0','1'),(2684,'1','244','1','0','1'),(2695,'1','245','1','0','1'),(2706,'1','246','1','0','1'),(2717,'1','247','1','0','1'),(2728,'1','248','1','0','1'),(2739,'1','249','1','0','1'),(2750,'1','250','1','0','1'),(2761,'1','251','1','0','1'),(2772,'1','252','1','0','1'),(2783,'1','253','1','0','1'),(2794,'1','254','1','0','1'),(2805,'1','255','1','0','1'),(2816,'1','256','1','0','1'),(2827,'1','257','1','0','1'),(2838,'1','258','1','0','1'),(2849,'1','259','1','0','1'),(2860,'1','260','1','0','1'),(2871,'1','261','1','0','1'),(2882,'1','262','1','0','1'),(2893,'1','263','1','0','1'),(2904,'1','264','1','0','1'),(2915,'1','265','1','0','1'),(2926,'1','266','1','0','1'),(2937,'1','267','1','0','1');
/*!40000 ALTER TABLE `pu_niveis_paginas` ENABLE KEYS */;
UNLOCK TABLES;

--
-- Table structure for table `pu_nivelacesso`
--

DROP TABLE IF EXISTS `pu_nivelacesso`;
/*!40101 SET @saved_cs_client     = @@character_set_client */;
/*!50503 SET character_set_client = utf8mb4 */;
CREATE TABLE `pu_nivelacesso` (
  `id_nivelAcesso` int(11) NOT NULL,
  `nome_nivelAcesso` varchar(45) DEFAULT NULL,
  `cor_nivelAcesso` varchar(10) DEFAULT NULL,
  `corTexto_nivelAcesso` varchar(10) DEFAULT NULL
) ENGINE=InnoDB DEFAULT CHARSET=utf8;
/*!40101 SET character_set_client = @saved_cs_client */;

--
-- Dumping data for table `pu_nivelacesso`
--

LOCK TABLES `pu_nivelacesso` WRITE;
/*!40000 ALTER TABLE `pu_nivelacesso` DISABLE KEYS */;
INSERT INTO `pu_nivelacesso` VALUES (1,'Administração','#000000','#ffffff');
/*!40000 ALTER TABLE `pu_nivelacesso` ENABLE KEYS */;
UNLOCK TABLES;

--
-- Table structure for table `pu_paginas`
--

DROP TABLE IF EXISTS `pu_paginas`;
/*!40101 SET @saved_cs_client     = @@character_set_client */;
/*!50503 SET character_set_client = utf8mb4 */;
CREATE TABLE `pu_paginas` (
  `id_pagina` int(11) NOT NULL,
  `nome_pagina` varchar(245) DEFAULT NULL,
  `apelido_pagina` varchar(245) DEFAULT NULL,
  `endereco_pagina` varchar(556) DEFAULT NULL,
  `observacao_pagina` varchar(528) DEFAULT NULL,
  `icone_pagina` varchar(128) DEFAULT NULL,
  `controller_pagina` varchar(545) DEFAULT NULL,
  `tipoRota_pagina` enum('1','2','3','4') DEFAULT NULL,
  PRIMARY KEY (`id_pagina`)
) ENGINE=InnoDB DEFAULT CHARSET=utf8 COMMENT='Tabela que armazena todas as páginas que o usuário pode acessar.\n\nusar as rotas para armazenar novas páginas';
/*!40101 SET character_set_client = @saved_cs_client */;

--
-- Dumping data for table `pu_paginas`
--

LOCK TABLES `pu_paginas` WRITE;
/*!40000 ALTER TABLE `pu_paginas` DISABLE KEYS */;
INSERT INTO `pu_paginas` VALUES (1,'Início','[VIEW][PAINEL][ADMIN] Home','dashboard','Página inicial do sistema',' mdi mdi-home','painel','1'),(2,'[V][P] Landing page - Pública','[VIEW][LP][PÚBLICO] Landing page','landingpages/(:any)/(:any)','Landing page view pública',' mdi mdi-format-page-break','landingpage/v_landingPages/$1/$1','1'),(3,'[M][P] Autenticar login','[MÉTODO][PÚBLICO] Autênticação login','dashboard/autenticarlogin','Método login para autenticação no painel','mdi mdi-cube-send','painel/c_autenticarLogin','2'),(4,'[M][P] Recuperar senha','[MÉTODO][PAINEL][PÚBLICO] Recuperar senha','dashboard/recuperarSenha','Método para recuperar senha no painel','mdi mdi-cube-send','painel/c_recuperarSenha','2'),(5,'[V][P] Recuperar senha - Inserir nova senha','[VIEW][PAINEL][PÚBLICO] Tela para inserir nova senha','dashboard/alterarSenha','Após clicar no link do e-mail cairá nessa tela para inserir a nova senha',' mdi mdi-newspaper','painel/v_alterarSenha','1'),(6,'[V][P] Alterar senha link e-mail','[MÉTODO][PAINEL][ADMIN] Alterar senha usuário','dashboard/alterarSenhaUsuario','Método acionado ao inserir a nova senha e clicar no botão do formulário','mdi mdi-cube-send','painel/c_alterarSenhaUsuario','2'),(7,'[V][P] Tela de login','[VIEW][PAINEL][PÚBLICO] Tela de login','dashboard/login','Tela para efetuar o login',' mdi mdi-newspaper','painel/login','1'),(8,'[M][P] Logout','[MÉTODO][PAINEL][PÚBLICO] Sair do painel (logout)','dashboard/logout','Método que faz logout do painel','mdi mdi-cube-send','painel/logout','1'),(9,'[V][P] Bio do site','[VIEW][SITE][PÚBLICO]  Bio para usar no Instagram','bio','Página personalizada para utilizar na bio do Instagram',' mdi mdi-newspaper','site/v_bio','1'),(10,'[V][P] Site Ourilândia','[VIEW][SITE][PÚBLICO]  Ourilândia do Norte','site/ourilandia_do_norte','Página do site de Ourilândia do Norte',' mdi mdi-newspaper','site/v_site2','1'),(11,'[V][P] Site Tucumã','[VIEW][SITE][PÚBLICO]  Tucumã','site/tucuma','Página do site de Tucumã',' mdi mdi-newspaper','site/v_site1','1'),(12,'[V][P] Site São Felix do Xingú','[VIEW][SITE][PÚBLICO] São Felix do Xingú','site/sao_felix_do_xingu','Página do São Felix do Xingú',' mdi mdi-newspaper','site/v_site3','1'),(13,'[V] Site - Ourilândia - Sobre','[VIEW][SITE][ADMIN] Página sobre nós site Ourilândia','site/ourilandia_do_norte/sobre','Página sobre dentro do site de Ourilândia do Norte',' mdi mdi-newspaper','site/v_site2_sobre','1'),(14,'Site - Intro - Listar regiões intro','[MÉTODO][SITE][ADMIN] Site - Intro -  listar regiões into','site/listagens/listarRegioes','Método de listagem de dados das regições, lista os dados na intro do site','mdi mdi-cube-send','site/site_admin/c_listarRegioes','1'),(15,'Site','[VIEW][SITE][ADMIN] Site - Intro','dashboard/site','Página do site, renderiza a intro','mdi mdi-web','site/site_admin','1'),(16,'Ourilândia - Sobre','[VIEW][SITE][ADMIN] Site - Ourilândia - Sobre','dashboard/site_admin/ourilandia_pagina_sobre','Página no admin - Ourilândia - Sobre',' mdi mdi-newspaper','site/site_admin_ourilandia/v_ourilandia_pagina_sobre','1'),(17,'Ourilândia - Configs','[VIEW][SITE][ADMIN] Site - Ourilândia - Configs','dashboard/site_admin/ourilandia_configs','Página de configurações do site Ourilândia',' mdi mdi-newspaper','site/site_admin_ourilandia/v_ourilandia','1'),(18,'Ourilândia - Newsletter','[VIEW][SITE][ADMIN] Site - Ourilândia - Newsletter','dashboard/site_admin/ourilandia_newsletter','Página de configuração de newsletter site Ourilândia',' mdi mdi-newspaper','site/site_admin_ourilandia/v_ourilandia_newsletter','1'),(19,'Ligações pendentes','[VIEW][SITE][ADMIN] Site - Ourilândia - Ligações pendentes','dashboard/site_admin/ourilandia_ligacoes_pendentes','Página para ver as ligações pendentes do site de Ourilândia',' mdi mdi-arrow-right-drop-circlea mdi mdi-newspaper','site/site_admin_ourilandia/v_ourilandia_ligacoes_pendentes','1'),(20,'Ligações efetuadas','[VIEW][SITE][ADMIN] Site - Ourilândia - Ligações efetuadas','dashboard/site_admin/ourilandia_ligacoes_efetuadas','Página para ver as ligações efetuadas do site de Ourilândia',' mdi mdi-newspaper','site/site_admin_ourilandia/v_ourilandia_ligacoes_efetuadas','1'),(21,'Residenciais pendentes','[VIEW][SITE][ADMIN] Site - Ourilândia - Residenciais pendentes','dashboard/site_admin/ourilandia_solicitacoesResidencias_pendentes','Página para ver as solicitações residenciais pendentes do site de Ourilândia',' mdi mdi-newspaper','site/site_admin_ourilandia/v_ourilandia_solicitacoesResidencias_pendentes','1'),(22,'Residenciais efetuadas','[VIEW][SITE][ADMIN] Site - Ourilândia - Residenciais efetuadas','dashboard/site_admin/ourilandia_solicitacoesResidencias_efetuadas','Página para ver as solicitações residenciais efetuadas do site de Ourilândia',' mdi mdi-newspaper','site/site_admin_ourilandia/v_ourilandia_solicitacoesResidencias_efetuadas','1'),(23,'Empresariais pendentes','[VIEW][SITE][ADMIN] Site - Ourilândia - Empresariais pendentes','dashboard/site_admin/ourilandia_solicitacoesEmpresariais_pendentes','Página para ver as solicitações Empresariais pendentes do site de Ourilândia',' mdi mdi-newspaper','site/site_admin_ourilandia/v_ourilandia_solicitacoesEmpresariais_pendentes','1'),(24,'Empresariais efetuadas','[VIEW][SITE][ADMIN] Site - Ourilândia - Empresariais efetuadas','dashboard/site_admin/ourilandia_solicitacoesEmpresariais_efetuadas','Página para ver as solicitações Empresariais efetuadas do site de Ourilândia',' mdi mdi-newspaper','site/site_admin_ourilandia/v_ourilandia_solicitacoesEmpresariais_efetuadas','1'),(25,'Empresa','[VIEW][EMPRESA][ADMIN] Empresa - Admin','dashboard/empresa/minhaEmpresa','Página para configuração da empresa',' mdi mdi-bank','empresa','1'),(26,'Landing pages','[VIEW][LP][ADMIN] Landing pages - Admin','dashboard/landingPages','Página para configurações das landing pages',' mdi mdi-file-document','landingpage','1'),(27,'Configurações LP','[VIEW][LP][ADMIN] Configurações - Admin','dashboard/configuracoes','Página para configurações das landing pages',' mdi mdi-newspaper','landingpage/v_configuracoes','1'),(28,'[V] Criar nova landing page','[VIEW][LP][ADMIN] Criar nova landing page','dashboard/cadastrarNovaLandingPage','Página para criar nova landing page',' mdi mdi-newspaper','landingpage/v_cadastrarNovaLandingPage','1'),(29,'Grupos LP','[VIEW][LP][ADMIN] Grupos landing page','dashboard/gruposLandingPage','Página para gestão de grupos/listas',' mdi mdi-newspaper','landingpage/v_gruposLandingPage','1'),(30,'Templates LP','[VIEW][LP][ADMIN] Templates landing page','dashboard/templates','Página para gestão de templates das landing pages',' mdi mdi-newspaper','landingpage/v_templateLandingPages','1'),(31,'Página sucesso - LP','[VIEW][LP][PÚBLICO] Página Sucesso','landingpage/(:any)/sucesso','Página de sucesso ao informar dados na landing page',' mdi mdi-newspaper','landingpage/v_cadastroLeadsSucesso/$1','1'),(32,'Usuários','[VIEW][USUARIOS][ADMIN] Usuários','dashboard/usuarios/usuarios','Página para gestão de usuários','mdi mdi-account-multiple','usuarios','1'),(33,'Minha conta','[VIEW][USUARIOS][ADMIN] Minha conta','dashboard/usuarios/minhaconta','Página para alterar dados da conta do usuário logado',' mdi mdi-newspaper','usuarios/v_minhaconta','1'),(34,'Permissões','[VIEW][PERMISSÕES][ADMIN] Níveis de acesso','dashboard/permissoes/niveisAcesso','Página para gestão de níveis de acesso','mdi mdi-gavel','permissoes/v_niveisAcesso','1'),(35,'Páginas','[VIEW][PERMISSÕES][ADMIN] Páginas','dashboard/permissoes/paginas','Página para gestão das páginas do sistema',' mdi mdi-file-multiple','permissoes/v_paginas','1'),(36,'Níveis de acesso x páginas','[VIEW][PERMISSÕES][ADMIN] Níveis de acesso x Páginas','dashboard/permissoes/permissaoNiveisAcesso/(:any)','Página para gerenciar nível de acesso, atribuir e associar páginas ao nível selecioinado',' mdi mdi-newspaper','permissoes/v_permissaoNiveisAcesso/(:any)','1'),(37,'Páginas disponíveis','[VIEW][PERMISSÕES][ADMIN] Páginas disponíveis','dashboard/permissoes/listaNiveisPaginasDisponiveis/(:any)','',' mdi mdi-newspaper','permissoes/v_listaNiveisPaginasDisponiveis/$1','1'),(38,'Páginas adicionadas','[VIEW][PERMISSÕES][ADMIN] Páginas adicionadas','dashboard/permissoes/listaNiveisPaginasADD/(:any)','',' mdi mdi-newspaper','permissoes/v_listaNiveisPaginasADD/$1','1'),(39,'Newsletter','[VIEW][NEWSLETTER][ADMIN] Newsletter','dashboard/newsletter','Página para gestão de campanhas das newsletter',' mdi mdi-email-outline','newsletter','1'),(40,'Grupos newsletter','[VIEW][NEWSLETTER][ADMIN] grupos','dashboard/newsletter/grupos','Página para gestão dos grups/listas newsletter',' mdi mdi-newspaper','newsletter/v_grupos','1'),(41,'E-mails newsletter','[VIEW][NEWSLETTER][ADMIN] E-mails','dashboard/newsletter/emails','Página para gestão dos e-mails da newsletter',' mdi mdi-newspaper','newsletter/v_emails','1'),(42,'Selecionar template e-mail','[VIEW][NEWSLETTER][ADMIN] Selecionar temlate e-mails','dashboard/newsletter/templateEmail','Página para selecionar o template para o e-mail enviado na campanha',' mdi mdi-newspaper','newsletter/v_templateEmail','1'),(43,'Gestão templates - News','[VIEW][NEWSLETTER][ADMIN] Gerenciar temlate e-mails','dashboard/newsletter/gerenciar_template','Página para gestão de template de e-mails da newsletter',' mdi mdi-newspaper','newsletter/v_gerenciar_template','1'),(44,'Configs Disparo - News','[VIEW][NEWSLETTER][ADMIN] Configurações de disparo','dashboard/newsletter/configuracoes_disparo','Página para configurar os dados SMTP de disparo da newsletter',' mdi mdi-newspaper','newsletter/v_configuracoes_disparo','1'),(45,'Grupos/Lista - News','[VIEW][NEWSLETTER][ADMIN] Grupos/Lista','dashboard/grupos','Página para gerenciar os grupos/lista da newsletter',' mdi mdi-newspaper','newsletter/v_grupos','1'),(46,'Cancelar inscrição - News','[VIEW][NEWSLETTER][PÚBLICO] Cancelar inscrição','newsletter/cancelar_inscricao','Página para o usuário cancelar a inscrição na newsletter',' mdi mdi-newspaper','newsletter/v_cancelar_inscricao','1'),(47,'Disparos - News','[VIEW][NEWSLETTER][ADMIN] Disparos','dashboard/newsletter/disparos','Página para acompanhar os disparos em massa das campanhas',' mdi mdi-newspaper','newsletter/v_disparos','1'),(48,'Confirmar abertura de e-mail - News','[VIEW][NEWSLETTER][PÚBLICO] Confirmar abertura de e-mail','newsletter/confirmarEmail','Página pública para confirmar a abertura do e-mail enviado ao contato da newsletter',' mdi mdi-newspaper','newsletter/c_confirmarEmail','1'),(49,'[M] Cadastrar novo usuário','[MÉTODO][USUÁRIOS][ADMIN] Cadastrar novo usuário','dashboard/usuarios/cadastrarUsuario','Método para cadastrar novo usuário','mdi mdi-cube-send','usuarios/c_cadastrarUsuario','2'),(50,'[M] Listar usuários','[MÉTODO][USUÁRIOS][ADMIN] Listar usuários','dashboard/usuarios/listarUsuarios','Método para listar usuários ná página de usuários','mdi mdi-cube-send','usuarios/c_listarUsuarios','1'),(51,'[M] Solicitar ligação','[MÉTODO][SITE][PÚBLICO] Solicitar ligação no formulário do site ourilândia','site/ourilandia_do_norte/solicitar_ligacao','Método acionado ao solicitar ligação no site de ourilândia','mdi mdi-cube-send','site/site_admin/c_solicitar_ligacao','2'),(52,'[M] Contratar plano residencial','[MÉTODO][SITE][PÚBLICO] Contratar plano Residencial no formulário do site ourilândia','site/ourilandia_do_norte/contratarPlanoResidencial','Método acionado ao solicitar contratação de plano residencial no site de ourilândia','mdi mdi-cube-send','site/site_admin/c_contratarPlanoResidencial','2'),(53,'[M] Contratar plano empresarial','[MÉTODO][SITE][PÚBLICO] Contratar plano Empresarial no formulário do site ourilândia','site/ourilandia_do_norte/contratarPlanoEmpresarial','Método acionado ao solicitar contratação de plano empresarial no site de ourilândia','mdi mdi-cube-send','site/site_admin/c_contratarPlanoEmpresarial','2'),(54,'[M] Assinar newsletter','[MÉTODO][SITE][PÚBLICO] Assinar newsletter no site Ourilândia','site/ourilandia_do_norte/assinarNewsletter','Método acionado ao solicitar assinatura de newsletter','mdi mdi-cube-send','site/site_admin/c_assinarNewsletter','2'),(55,'[M] Cadastrar nova região site','[MÉTODO][SITE][ADMIN] Cadastrar nova região','dashboard/site/cadastrarNovaRegiao_site','Método acionado ao cadastrar nova região','mdi mdi-cube-send','site/site_admin/c_cadastrarNovaRegiao_site','2'),(56,'[M] Listar regiões do site','[MÉTODO][SITE][ADMIN] Listar regiões do site','dashboard/listagens/listarRegioes','Método acionado ao carregar a página para listar as regiões criadas','mdi mdi-cube-send','site/site_admin/c_listarRegioes','1'),(57,'[M] Listar dados SEO da INTRO do site','[MÉTODO][SITE][ADMIN] Listar SEO, dados da intro do site','dashboard/listagens/listarConfigsSeo_intro','Método acionado ao carregar a página de configurações de SEO da intro do site','mdi mdi-cube-send','site/site_admin/c_listarConfigsSeo_intro','1'),(58,'[M] Atualizar dados SEO INTRO site','[MÉTODO][SITE][ADMIN] Atualizar dados SEO INTRO site','dashboard/site/atualizar/atualizarSEO_site','Método acionado para atualizar os dados do SEO da intro do SITE','mdi mdi-cube-send','site/site_admin/c_atualizarSEO_site','2'),(59,'[M] Atualizar infos regiões intro site','[MÉTODO][SITE][ADMIN] Atualizar infos regiões intro site','dashboard/atualizar/atualizarInfosRegiao','Método acionado para atualizar as infos da região do site','mdi mdi-cube-send','site/site_admin/c_atualizarInfosRegiao','2'),(60,'[M] Método status região intro','[MÉTODO][SITE][ADMIN] Método status mostrar na intro região','dashboard/atualizar/liberarBloquearStatus','Método acionado ao bloquear ou liberar status da região na intro do site','mdi mdi-cube-send','site/site_admin/c_liberarBloquearStatus','2'),(61,'[M] Método mostrar região site','[MÉTODO][SITE][ADMIN] Método status mostrar  região site','dashboard/atualizar/liberarBloquearStatusSite','Método acionado ao bloquear ou liberar status da região do site','mdi mdi-cube-send','site/site_admin/c_liberarBloquearStatusSite','2'),(62,'[M] Método excluir região site','[MÉTODO][SITE][ADMIN] Método excluir região do site','dashboard/excluir/excluirRegiao','Método acionado ao excluir região do site','mdi mdi-cube-send','site/site_admin/c_excluirRegiao','2'),(63,'[V] Bio do site','[VIEW][SITE][ADMIN] Bio','dashboard/site/bio','Página para configurações da bio do site','mdi mdi-newspaper','site/site_admin/v_bio','1'),(64,'[M] Método listar configs bio','[MÉTODO][SITE][ADMIN] Método listar infos BIO do site','dashboard/listagens/listarBioInfos','Método para listar os dados da bio do site','mdi mdi-cube-send','site/site_admin/c_listarBioInfos','1'),(65,'[M] Método listar sites da bio','[MÉTODO][SITE][ADMIN] Método listar sites da BIO do site','dashboard/listagens/listarSites','Método para listar os sites da bio do site','mdi mdi-cube-send','site/site_admin/c_listarSites','1'),(66,'[M] Método listar canais de atendimento da bio','[MÉTODO][SITE][ADMIN] Método listar canais de atendimento da BIO do site','dashboard/listagens/listarCanaisAtendimento','Método para listar os  canais de atendimento da bio do site','mdi mdi-cube-send','site/site_admin/c_listarCanaisAtendimento','1'),(67,'[M] Método listar redes sociais da bio','[MÉTODO][SITE][ADMIN] Método listar redes sociais da BIO do site','dashboard/listagens/listarRedesSociaisBio','Método para listar os redes sociais da bio do site','mdi mdi-cube-send','site/site_admin/c_listarRedesSociaisBio','1'),(68,'[M] Método listar cores e estilo da bio','[MÉTODO][SITE][ADMIN] Método listar cores e estilo da BIO do site','dashboard/listagens/listarCoresEstilo','Método para listar os cores e estilo da bio do site','mdi mdi-cube-send','site/site_admin/c_listarCoresEstilo','1'),(69,'[M] Método cadastrar site bio ','[MÉTODO][SITE][ADMIN] Método cadastrar site bio ','dashboard/cadastro/cadastrarSiteBio','Método acionado ao cadastrar novo site na bio do site','mdi mdi-cube-send','site/site_admin/c_cadastrarSiteBio','2'),(70,'[M] Método cadastrar canal de atendimento bio','[MÉTODO][SITE][ADMIN] Método cadastrar canal de atendimento bio','dashboard/cadastrar/cadastrarCanalAtendimentoBio','Método acionado para cadastrar canal de atendimento na BIO do site','mdi mdi-cube-send','site/site_admin/c_cadastrarCanalAtendimentoBio','2'),(71,'[M] Método cadastrar  rede social bio','[MÉTODO][SITE][ADMIN] Método cadastrar rede social bio','dashboard/cadastro/cadastrarRedeSocialBio','Método acionado para cadastrar rede social na BIO do site','mdi mdi-cube-send','site/site_admin/c_cadastrarRedeSocialBio','2'),(72,'[M] Método status liberar/bloquear site bio','[MÉTODO][SITE][ADMIN] Método status liberar/bloquear site bio','dashboard/atualizar/statusBioSite','Método acionado ao liberar ou bloquear status do site na BIO','mdi mdi-cube-send','site/site_admin/c_statusBioSite','2'),(73,'[M] Método atualizar infos site site bio','[MÉTODO][SITE][ADMIN] Método atualizar infos site site bio','dashboard/atualizar/editarSiteBio','Método acionado ao atualizar os dados do site da BIO','mdi mdi-cube-send','site/site_admin/c_editarSiteBio','2'),(74,'[M] Método excluir site bio','[MÉTODO][SITE][ADMIN] Método excluir site site bio','dashboard/excluir/excluirSiteBio','Método acionado para excluir o site da bio','mdi mdi-cube-send','site/site_admin/c_excluirSiteBio','2'),(75,'[M] Método status liberar/bloquear canais de atendimento bio','[MÉTODO][SITE][ADMIN] Método status liberar/bloquear canais de atendimento bio','dashboard/atualizar/statusBioCanalAtendimento','Método acionado ao liberar ou bloquear status do canais de atendimento na BIO','mdi mdi-cube-send','site/site_admin/c_statusBioCanalAtendimento','2'),(76,'[M] Método atualizar infos canal de atendimento site bio','[MÉTODO][SITE][ADMIN] Método atualizar infos canal de atendimento site bio','dashboard/atualizar/editarInfosCanalAtendimentoModal','Método acionado ao atualizar os dados do canal de atendimento da BIO','mdi mdi-cube-send','site/site_admin/c_editarInfosCanalAtendimentoModal','2'),(77,'[M] Método excluir site bio','[MÉTODO][SITE][ADMIN] Método excluir site canal de atendimento bio','dashboard/excluir/excluirCanalAtendimentoBioModal','Método acionado para excluir canal de atendimento da bio','mdi mdi-cube-send','site/site_admin/c_excluirCanalAtendimentoBioModal','2'),(78,'[M] Método status liberar/bloquear redes sociais bio','[MÉTODO][SITE][ADMIN] Método status liberar/bloquear redes sociais bio','dashboard/atualizar/statusBioRedesSociais','Método acionado ao liberar ou bloquear status do redes sociais na BIO','mdi mdi-cube-send','site/site_admin/c_statusBioRedesSociais','2'),(79,'[M] Método atualizar infos redes sociais site bio','[MÉTODO][SITE][ADMIN] Método atualizar infos redes sociais site bio','dashboard/atualizar/editarInfosRedesSociaisBio','Método acionado ao atualizar os dados do redes sociais da BIO','mdi mdi-cube-send','site/site_admin/c_editarInfosRedesSociaisBio','2'),(80,'[M] Método rede social site bio','[MÉTODO][SITE][ADMIN] Método excluir site rede social bio','dashboard/excluir/excluirRedesSociaisBio','Método acionado ao excluir rede social da bio','mdi mdi-cube-send','site/site_admin/c_excluirRedesSociaisBio','2'),(81,'[M] Método atualizar informações gerais bio','[MÉTODO][SITE][ADMIN] Método atualizar informações gerais bio','dashboard/atualizar/editarInfosBio','Método acionado para atualizar as informações gerais da BIO','mdi mdi-cube-send','site/site_admin/c_editarInfosBio','2'),(82,' [M] Método atualizar cores e estilo bio','[MÉTODO][SITE][ADMIN] Método atualizar cores e estilo bio','dashboard/atualizar/atualizarCoresEstiloBio','Método acionado ao atualizar cores e estilo da BIO','mdi mdi-cube-send','site/site_admin/c_atualizarCoresEstiloBio','2'),(83,'[M] Método listar sobre - site ourilândia','[MÉTODO][SITE][ADMIN] Método listar dados pagina sobre - site ourilândia','dashboard/site_admin/ourilandia/listarDadosPaginaSobre','Método que carrega os dados ao abrir a página sobre de ourilândia','mdi mdi-cube-send','site/site_admin_ourilandia/c_listarDadosPaginaSobre','1'),(84,'[M] Método listar SEO - site ourilândia','[MÉTODO][SITE][ADMIN] Método listar dados ABA SEO - site ourilândia','dashboard/site_admin/ourilandia/listarConfigsSeo','Método que carrega os dados ao abrir a página SEO de ourilândia','mdi mdi-cube-send','site/site_admin_ourilandia/c_listarConfigsSeo','1'),(85,'[M] Método listar AVISO GLOBAL - site ourilândia','[MÉTODO][SITE][ADMIN] Método listar dados ABA AVISO GLOBAL - site ourilândia','dashboard/site_admin/ourilandia/listarAvisoGlobal','Método que carrega os dados ao abrir aABA AVISO GLOBAL de ourilândia','mdi mdi-cube-send','site/site_admin_ourilandia/c_listarAvisoGlobal','1'),(86,'[M] Método listar Barra superior fixa - site ourilândia','[MÉTODO][SITE][ADMIN] Método listar dados ABA Barra superior fixa - site ourilândia','dashboard/site_admin/ourilandia/listarInfosBarraSuperiorFixa','Método que carrega os dados ao abrir a ABA Barra superior fixa de ourilândia','mdi mdi-cube-send','site/site_admin_ourilandia/c_listarInfosBarraSuperiorFixa','1'),(87,'[M] Método listar links Barra superior fixa - site ourilândia','[MÉTODO][SITE][ADMIN] Método listar dados ABA links Barra superior fixa - site ourilândia','dashboard/site_admin/ourilandia/listarLinksBarraSuperiorFixa','Método que carrega os dados ao abrir a ABA links Barra superior fixa de ourilândia','mdi mdi-cube-send','site/site_admin_ourilandia/c_listarLinksBarraSuperiorFixa','1'),(88,'[M][P] Método listar links Barra superior fixa - site ourilândia','[MÉTODO][SITE][PÚBLICO] Método listar dados links Barra superior fixa - site ourilândia','dashboard/site_admin/ourilandia/listarLinksBarraSuperiorFixaSite','Método para listar os links na barra superior do site ourilândia','mdi mdi-cube-send','site/site_admin_ourilandia/c_listarLinksBarraSuperiorFixaSite','1'),(89,'[M] Método listar SLIDES - site ourilândia','[MÉTODO][SITE][ADMIN] Método listar dados ABA SLIDES (BANNERS) - site ourilândia','dashboard/site_admin/ourilandia/listarSlidesCarousel','Método para listar os slides criados','mdi mdi-cube-send','site/site_admin_ourilandia/c_listarSlidesCarousel','1'),(90,'[M][P] Método listar SLIDES - site ourilândia','[MÉTODO][SITE][PÚBLICO] Método listar dados SLIDES - site ourilândia','dashboard/site_admin/ourilandia/listarSlidesCarouselSite','Método para listar os banners no site de ourilândia','mdi mdi-cube-send','site/site_admin_ourilandia/c_listarSlidesCarouselSite','1'),(91,'[M] Método listar COBERTURA - site ourilândia','[MÉTODO][SITE][ADMIN] Método listar dados ABA Cobertura - site ourilândia','dashboard/site_admin/ourilandia/listarCoberturaAtendimento','Método para listar os dados de cobertura de atendimento','mdi mdi-cube-send','site/site_admin_ourilandia/c_listarCoberturaAtendimento','1'),(92,'[M][P] Método listar Cobertura - site ourilândia','[MÉTODO][SITE][PÚBLICO] Método listar dados Cobertura - site ourilândia','dashboard/site_admin/ourilandia/listarCoberturaAtendimentoSite','Método para listar os dados de cobertura no site ourilândia','mdi mdi-cube-send','site/site_admin_ourilandia/c_listarCoberturaAtendimento','1'),(93,'[M] Método listar RESIDENCIAIS- site ourilândia','[MÉTODO][SITE][ADMIN] Método listar dados ABA RESIDENCIAIS - site ourilândia','dashboard/site_admin/ourilandia/listarPlanosResidenciais','Método para listar os dados dos planos RESIDENCIAIS no site ourilândia','mdi mdi-cube-send','site/site_admin_ourilandia/c_listarPlanosResidenciais','1'),(94,'[M][P] Método listar RESIDENCIAIS - site ourilândia','[MÉTODO][SITE][PÚBLICO] Método listar dados RESIDENCIAIS - site ourilândia','dashboard/site_admin/ourilandia/listarPlanosResidenciaisSite','Método para listar os dados de residenciais no site ourilândia','mdi mdi-cube-send','site/site_admin_ourilandia/c_listarPlanosResidenciaisSite','1'),(95,' [M][P] Método listar EMPRESARIAIS - site ourilândia','[MÉTODO][SITE][PÚBLICO] Método listar dados EMPRESARIAIS - site ourilândia','dashboard/site_admin/ourilandia/listarPlanosEmpresariaisSite','Método para listar os dados de empresariais no site ourilândia','mdi mdi-cube-send','site/site_admin_ourilandia/c_listarPlanosEmpresariaisSite','1'),(96,' [M] Método listar EMPRESARIAIS - site ourilândia','[MÉTODO][SITE][ADMIN] Método listar dados ABA EMPRESARIAIS - site ourilândia','dashboard/site_admin/ourilandia/listarPlanosEmpresariais','Método para listar os dados dos planos EMPRESARIAIS no site ourilândia','mdi mdi-cube-send','site/site_admin_ourilandia/c_listarPlanosEmpresariais','1'),(97,'[M][P] Método listar FALE CONOSCO - site ourilândia','[MÉTODO][SITE][PÚBLICO] Método listar dados FALE CONOSCO - site ourilândia','dashboard/site_admin/ourilandia/listarFaleConoscoRegioes','Método para listar os dados de fale conosco no site ourilândia','mdi mdi-cube-send','site/site_admin_ourilandia/c_listarFaleConoscoRegioes','1'),(98,'[M] Método listar Solicitações de ligações pendentes - site ourilândia','[MÉTODO][SITE][ADMIN] Método listar dados Solicitações de ligações pendentes - site ourilândia','dashboard/site_admin/ourilandia/listarligacoes_pendentes','Método para listar as solicitações de ligações pendentes - site ourilândia','mdi mdi-cube-send','site/site_admin_ourilandia/c_listarligacoes_pendentes','1'),(99,'[M] Método listar Solicitações de ligações efetuadas - site ourilândia','[MÉTODO][SITE][ADMIN] Método listar dados Solicitações de ligações efetuadas - site ourilândia','dashboard/site_admin/ourilandia/listarligacoes_efetuadas','Método para listar as solicitações de ligações efetuadas - site ourilândia','mdi mdi-cube-send','site/site_admin_ourilandia/c_listarligacoes_efetuadas','1'),(100,'[M] Método listar Contratações residenciais pendentes - site ourilândia','[MÉTODO][SITE][ADMIN] Método listar dados Contratações residenciais pendentes - site ourilândia','dashboard/site_admin/ourilandia/listarContratacoes_pendentes','Método para listar as Contratações residenciais pendentes - site ourilândia','mdi mdi-cube-send','site/site_admin_ourilandia/c_listarContratacoes_pendentes','1'),(101,'[M] Método listar Contratações residenciais efetuadas - site ourilândia','[MÉTODO][SITE][ADMIN] Método listar dados Contratações residenciais efetuadas - site ourilândia','dashboard/site_admin/ourilandia/listarContratacoes_efetuadas','Método para listar as Contratações residenciais efetuadas - site ourilândia','mdi mdi-cube-send','site/site_admin_ourilandia/c_listarContratacoes_efetuadas','1'),(102,'[M] Método listar Contratações residenciais empresariais - site ourilândia','[MÉTODO][SITE][ADMIN] Método listar dados Contratações empresariais pendentes - site ourilândia','dashboard/site_admin/ourilandia/listarContratacoesEmpresariais_pendentes','Método para listar as Contratações residenciais empresariais - site ourilândia','mdi mdi-cube-send','site/site_admin_ourilandia/c_listarContratacoesEmpresariais_pendentes','1'),(103,'[M] Método listar Contratações empresariais efetuadas - site ourilândia','[MÉTODO][SITE][ADMIN] Método listar dados Contratações empresariais efetuadas - site ourilândia','dashboard/site_admin/ourilandia/listarContratacoesEmpresariais_efetuadas','Método para listar as Contratações empresariais efetuadas - site ourilândia','mdi mdi-cube-send','site/site_admin_ourilandia/c_listarContratacoesEmpresariais_efetuadas','1'),(104,'[M]  Método listar relatório HOME- Infos ligações - site ourilândia','[MÉTODO][SITE][ADMIN] Método listar relatório HOME- Infos ligações - site ourilândia','dashboard/site_admin/ourilandia/listarInfosLigacoes','Método para listar os dados das ligações na HOME do painel','mdi mdi-cube-send','site/site_admin_ourilandia/c_listarInfosLigacoes','1'),(105,'[M] Método listar relatório HOME- Infos residenciais - site ourilândia','[MÉTODO][SITE][ADMIN] Método listar relatório HOME- Infos residenciais - site ourilândia','dashboard/site_admin/ourilandia/listarInfosResidenciais','Método para listar os dados das residenciais na HOME do painel','mdi mdi-cube-send','site/site_admin_ourilandia/c_listarInfosResidenciais','1'),(106,'[M] Método listar relatório HOME- Infos empresariais - site ourilândia','[MÉTODO][SITE][ADMIN] Método listar relatório HOME- Infos empresariais - site ourilândia','dashboard/site_admin/ourilandia/listarInfosEmpresariais','Método para listar os dados das empresariais na HOME do painel','mdi mdi-cube-send','site/site_admin_ourilandia/c_listarInfosEmpresariais','1'),(107,' [M] Método listar GRÁFICO HOME- MEUS RESULTADOS - site ourilândia','[MÉTODO][SITE][ADMIN] Método listar GRÁFICO HOME- MEUS RESULTADOS - site ourilândia','dashboard/site_admin/ourilandia/listarRelatorioChatjs','Método listar dados para o gráfico Meus resultados','mdi mdi-cube-send','site/site_admin_ourilandia/c_listarRelatorioChatjs','2'),(108,'[M] Método listar GRÁFICO GERAL HOME - site ourilândia','[MÉTODO][SITE][ADMIN] Método listar GRÁFICO GERAL HOME - site ourilândia','dashboard/site_admin/ourilandia/listarRelatorioChatjsGeral','Método listar dados para o gráfico GERAL','mdi mdi-cube-send','site/site_admin_ourilandia/c_listarRelatorioChatjsGeral','2'),(109,'[M] Método listar VALORES GERADOS HOME - site ourilândia','[MÉTODO][SITE][ADMIN] Método listar VALORES GERADOS HOME - site ourilândia','dashboard/site_admin/ourilandia/listarValores','Método que carrega os VALORES GERADOS HOME - site ourilândia','mdi mdi-cube-send','site/site_admin_ourilandia/c_listarValores','2'),(110,'[M] Método listar dados NEWSLETTER - site ourilândia','[MÉTODO][SITE][ADMIN] Método listar dados NEWSLETTER - site ourilândia','dashboard/site_admin/ourilandia/listarNewsletter','Método que carrega os leads das newsletter - site ourilândia','mdi mdi-cube-send','site/site_admin_ourilandia/c_listarNewsletter','2'),(111,'[M] Método cadastrar novo slide - site ourilândia','[MÉTODO][SITE][ADMIN] Método cadastrar novo slide - site ourilândia','dashboard/site_admin/ourilandia/cadastrarNovoSlide','Método acionado ao cadastrar novo slide - site ourilândia','mdi mdi-cube-send','site/site_admin_ourilandia/c_cadastrarNovoSlide','2'),(112,'[M] Método cadastrar novo Link barra fixa - site ourilândia','[MÉTODO][SITE][ADMIN] Método cadastrar novo Link barra fixa - site ourilândia','dashboard/site_admin/ourilandia/cadastrarNovoLinkBarraSupFixa','Método acionado ao cadastrar novo Link barra fixa - site ourilândia','mdi mdi-cube-send','site/site_admin_ourilandia/c_cadastrarNovoLinkBarraSupFixa','2'),(113,'[M] Método cadastrar novo plano residencial - site ourilândia','[MÉTODO][SITE][ADMIN] Método cadastrar novo plano residencial - site ourilândia','dashboard/site_admin/ourilandia/cadastrarNovoPlanoResidencial','Método acionado ao cadastrar novo plano residencial - site ourilândia','mdi mdi-cube-send','site/site_admin_ourilandia/c_cadastrarNovoPlanoResidencial','2'),(114,'[M] Método cadastrar novo plano empresarial - site ourilândia','[MÉTODO][SITE][ADMIN] Método cadastrar novo plano empresarial - site ourilândia','dashboard/site_admin/ourilandia/cadastrarNovoPlanoEmpresarial','Método acionado ao cadastrar novo plano empresarial - site ourilândia','mdi mdi-cube-send','site/site_admin_ourilandia/c_cadastrarNovoPlanoEmpresarial','2'),(115,'[M] Método atualizar dados página sobre - site ourilândia','[MÉTODO][SITE][ADMIN] Método atualizar dados página sobre - site ourilândia','dashboard/site/atualizar/atualizar_dadosSobre','Método acionado ao atualizar os dados da página SOBRE - site ourilândia','mdi mdi-cube-send','site/site_admin_ourilandia/c_atualizar_dadosSobre','2'),(116,'[M] Método atualizar dados página SEO - site ourilândia','[MÉTODO][SITE][ADMIN] Método atualizar dados página SEO - site ourilândia','dashboard/site_admin/ourilandia/atualizarSEO_ourilandia','Método acionado ao atualizar os dados da página SEO - site ourilândia','mdi mdi-cube-send','site/site_admin_ourilandia/c_atualizarSEO_ourilandia','2'),(117,'[M] Método atualizar dados página AVISO GLOBAL - site ourilândia','[MÉTODO][SITE][ADMIN] Método atualizar dados página AVISO GLOBAL - site ourilândia','dashboard/site_admin/ourilandia/atualizarAvisoGlobal_ourilandia','Método acionado ao atualizar os dados da página AVISO GLOBAL - site ourilândia','mdi mdi-cube-send','site/site_admin_ourilandia/c_atualizarAvisoGlobal_ourilandia','2'),(118,'[M] Método atualizar dados página BARRA SUPERIOR FIXA - site ourilândia','[MÉTODO][SITE][ADMIN] Método atualizar dados página BARRA SUPERIOR FIXA - site ourilândia','dashboard/site_admin/ourilandia/atualizarBarraSupFixa_ourilandia','Método acionado ao atualizar os dados da página BARRA SUPERIOR FIXA - site ourilândia','mdi mdi-cube-send','site/site_admin_ourilandia/c_atualizarBarraSupFixa_ourilandia','2'),(119,'[M] Método atualizar dados página LINKS BARRA SUPERIOR FIXA - site ourilândia','[MÉTODO][SITE][ADMIN] Método atualizar dados página LINKS BARRA SUPERIOR FIXA - site ourilândia','dashboard/site_admin/ourilandia/atualizarLinksBarraSuperiorFixa','Método acionado ao atualizar os dados da página LINKS BARRA SUPERIOR FIXA - site ourilândia','mdi mdi-cube-send','site/site_admin_ourilandia/c_atualizarLinksBarraSuperiorFixa','2'),(120,'[M] Método atualizar dados página COBERTURA - site ourilândia','[MÉTODO][SITE][ADMIN] Método atualizar dados página COBERTURA - site ourilândia','dashboard/site_admin/ourilandia/atualizarCoberturaAtendimento','Método acionado ao atualizar os dados da página COBERTURA - site ourilândia','mdi mdi-cube-send','site/site_admin_ourilandia/c_atualizarCoberturaAtendimento','2'),(121,'[M] Método atualizar dados página SLIDE CAROUSEL - site ourilândia','[MÉTODO][SITE][ADMIN] Método atualizar dados página SLIDE CAROUSEL - site ourilândia','dashboard/site_admin/ourilandia/editarItemSlideCarousel','Método acionado ao atualizar os dados da página SLIDE CAROUSEL - site ourilândia','mdi mdi-cube-send','site/site_admin_ourilandia/c_editarItemSlideCarousel','2'),(122,'[M] Método atualizar dados ABRIR LINK NOVA ABA ( Links barra superior fixa) - site ourilândia','[MÉTODO][SITE][ADMIN] Método atualizar dados ABRIR LINK NOVA ABA ( Links barra superior fixa) - site ourilândia','dashboard/site_admin/ourilandia/abrirLinkAba_ourilandia','Método acionado ao atualizar os dados da página ABRIR LINK NOVA ABA ( Links barra superior fixa) - site ourilândia','mdi mdi-cube-send','site/site_admin_ourilandia/c_abrirLinkAba_ourilandia','2'),(123,'[M] Método status liberar/bloquear links barra superior fixa - site ourilândia','[MÉTODO][SITE][ADMIN] Método status liberar/bloquear links barra superior fixa - site ourilândia','dashboard/site_admin/ourilandia/liberarBloquearStatusLinksBarraSupFixa','Método status liberar/bloquear links barra superior fixa - site ourilândia','mdi mdi-cube-send','site/site_admin_ourilandia/c_liberarBloquearStatusLinksBarraSupFixa','2'),(124,'[M] Método status liberar/bloquear item carousel - site ourilândia','[MÉTODO][SITE][ADMIN] Método status liberar/bloquear item carousel - site ourilândia','dashboard/site_admin/ourilandia/liberarStatusItemCarouselSlide','Método status liberar/bloquear  item carousel - site ourilândia','mdi mdi-cube-send','site/site_admin_ourilandia/c_liberarStatusItemCarouselSlide','2'),(125,'[M] Método status liberar/bloquear  visibilidade cobertura - site ourilândia','[MÉTODO][SITE][ADMIN] Método status liberar/bloquear  visibilidade cobertura - site ourilândia','dashboard/site_admin/ourilandia/liberarStatusCoberturaAtendimento','Método status liberar/bloquear  visibilidade cobertura - site ourilândia','mdi mdi-cube-send','site/site_admin_ourilandia/c_liberarStatusCoberturaAtendimento','2'),(126,'[M] Método escolher plano destaque residencial - site ourilândia','[MÉTODO][SITE][ADMIN] Método escolher plano destaque residencial - site ourilândia','dashboard/site_admin/ourilandia/atualizarPlanoDestaqueResidencial','Método escolher plano destaque residencial - site ourilândia','mdi mdi-cube-send','site/site_admin_ourilandia/c_atualizarPlanoDestaqueResidencial','2'),(127,'[M] Método status liberar/bloquear plano residencial - site ourilândia','[MÉTODO][SITE][ADMIN] Método status liberar/bloquear plano residencial - site ourilândia','dashboard/site_admin/ourilandia/atualizarPlanoStatusResidencial','Método status liberar/bloquear  PLANO RESIDENCIAL - site ourilândia','mdi mdi-cube-send','site/site_admin_ourilandia/c_atualizarPlanoStatusResidencial','2'),(128,'[M] Método atualizar dados PLANO RESIDENCIAL - site ourilândia','[MÉTODO][SITE][ADMIN] Método atualizar dados PLANO RESIDENCIAL - site ourilândia','dashboard/site_admin/ourilandia/atualizarPlanoResidencial','Método acionado ao atualizar os dados PLANO RESIDENCIAL - site ourilândia','mdi mdi-cube-send','site/site_admin_ourilandia/c_atualizarPlanoResidencial','2'),(129,'[M] Método escolher plano destaque empresarial - site ourilândia','[MÉTODO][SITE][ADMIN] Método escolher plano destaque empresarial - site ourilândia','dashboard/site_admin/ourilandia/atualizarPlanoDestaqueEmpresarial','Método escolher plano destaque empresarial - site ourilândia','mdi mdi-cube-send','site/site_admin_ourilandia/c_atualizarPlanoDestaqueEmpresarial','2'),(130,'[M] Método status liberar/bloquear plano empresarial - site ourilândia','[MÉTODO][SITE][ADMIN] Método status liberar/bloquear plano empresarial - site ourilândia','dashboard/site_admin/ourilandia/atualizarStatusPlanoEmpresarial','Método status liberar/bloquear  PLANO EMPRESARIAL- site ourilândia','mdi mdi-cube-send','site/site_admin_ourilandia/c_atualizarStatusPlanoEmpresarial','2'),(131,'[M] Método atualizar dados PLANO EMPRESARIAL - site ourilândia','[MÉTODO][SITE][ADMIN] Método atualizar dados PLANO EMPRESARIAL- site ourilândia','dashboard/site_admin/ourilandia/atualizarPlanoEmpresarial','Método acionado ao atualizar os dados PLANO EMPRESARIAL - site ourilândia','mdi mdi-cube-send','site/site_admin_ourilandia/c_atualizarPlanoEmpresarial','2'),(132,'[M] Método recepcionar ligação - site ourilândia','[MÉTODO][SITE][ADMIN] Método recepcionar ligação - site ourilândia','dashboard/site_admin/ourilandia/recepcionarLigacao','Método acionado ao recepcionar solicitação de ligação - site ourilândia','mdi mdi-cube-send','site/site_admin_ourilandia/c_recepcionarLigacao','2'),(133,'[M] Método recepcionar plano residencial - site ourilândia','[MÉTODO][SITE][ADMIN] Método recepcionar plano residencial - site ourilândia','dashboard/site_admin/ourilandia/recepcionarContratarPlanoresidencial','Método acionado ao recepcionar solicitação de plano residencial - site ourilândia','mdi mdi-cube-send','site/site_admin_ourilandia/c_recepcionarContratarPlanoresidencial','2'),(134,'[M] Método recepcionar plano empresarial - site ourilândia','[MÉTODO][SITE][ADMIN] Método recepcionar plano empresarial - site ourilândia','dashboard/site_admin/ourilandia/recepcionarContratacaoEmpresarial','Método acionado ao recepcionar solicitação de plano empresarial - site ourilândia','mdi mdi-cube-send','site/site_admin_ourilandia/c_recepcionarContratacaoEmpresarial','2'),(135,'[M] Método excluir link barra superior - site ourilândia','[MÉTODO][SITE][ADMIN] Método excluir link barra superior - site ourilândia','dashboard/site_admin/ourilandia/excluirLinkBarraSuperiorFixa','Método acionado ao excluir link barra superior - site ourilândia','mdi mdi-cube-send','site/site_admin_ourilandia/c_excluirLinkBarraSuperiorFixa','2'),(136,'[M] Método  excluir item carousel - site ourilândia','[MÉTODO][SITE][ADMIN] Método excluir item carousel - site ourilândia','dashboard/site_admin/ourilandia/excluirItemSlideCarousel','Método acionado ao excluir item carousel - site ourilândia','mdi mdi-cube-send','site/site_admin_ourilandia/c_excluirItemSlideCarousel','2'),(137,' [M] Método excluir plano residencial - site ourilândia','[MÉTODO][SITE][ADMIN] Método excluir plano residencial - site ourilândia','dashboard/site_admin/ourilandia/excluirPlanoResidencial','Método acionado ao excluir plano residencial - site ourilândia','mdi mdi-cube-send','site/site_admin_ourilandia/c_excluirPlanoResidencial','2'),(138,'[M] Método excluir plano empresarial - site ourilândia','[MÉTODO][SITE][ADMIN] Método excluir plano empresarial - site ourilândia','dashboard/site_admin/ourilandia/excluirPlanoEmpresarial','Método acionado ao excluir plano empresarial - site ourilândia','mdi mdi-cube-send','site/site_admin_ourilandia/c_excluirPlanoEmpresarial','2'),(139,'[M] Método listar dados empresa','[MÉTODO][EMPRESA][ADMIN] Método listar dados da empresa','dashboard/listagens/listarInformacoesEmpresa','Método acionado ao carregar a página da empresa','mdi mdi-cube-send','empresa/c_listarInformacoesEmpresa','1'),(140,'[M] Método atualizar dados da empresa','[MÉTODO][EMPRESA][ADMIN] Método atualizar dados da empresa','dashboard/atualizar/atualizarDadosEmpresa','Método acionado ao atualizar dados da empresa','mdi mdi-cube-send','empresa/c_atualizarDadosEmpresa','2'),(141,'[M] Método CHECAR dados da empresa','[MÉTODO][EMPRESA][ADMIN] Método CHECAR dados da empresa','listagens/primeiroAcesso/checarEmpresa','Método acionado para chegar os dados da empresa ao abrir qualquer página','mdi mdi-cube-send','empresa/c_checarEmpresa','1'),(142,'[V] Selecionar template - landing page','[VIEW][LP][ADMIN] Página selecionar template','dashboard/templates/selecionarTemplate/(:any)','Página selecionar template de landing page','mdi mdi-newspaper','landingpage/v_selecionarTemplate/(:any)','1'),(143,'[V] configurar template (todos os serviços) - landing page','[VIEW][LP][ADMIN] Página configurar template (todos os serviços)','dashboard/templates/configurarTemplate/(:any)','Página para configurar todos os serviços da landing page selecionada','mdi mdi-newspaper','landingpage/v_configurarTemplate/(:any)','1'),(144,'[M] Criar nova landing page','[MÉTODO][LP][ADMIN] Criar nova landing page','dashboard/cadastro/cadastrarNovaLandingPage','Método acionado para criar nova landing page','mdi mdi-cube-send','landingpage/c_cadastrarNovaLandingPage','2'),(145,'[M] Método listar landing pages','[MÉTODO][LP][ADMIN] Método listar todas landing pages','dashboard/listagens/listarTodasLandingPages','Método acionado ao carregar a página de landing pages','mdi mdi-cube-send','landingpage/c_listarTodasLandingPages','1'),(146,'[M] Listar landing pages','[MÉTODO][LP][ADMIN] Método listar dados de configs gerais landing pages','dashboard/listagens/listarDadosConfigs','Método acionado na página de configurações gerais, lista os dados da página','mdi mdi-cube-send','landingpage/c_listarDadosConfigs','1'),(147,'[M] Método listar grupos (pág landing page)','[MÉTODO][LP][ADMIN] Método listar grupos na página cadastrar nova  landing pages','dashboard/listagens/listarGrupo','Método acionado ao carregar página de cadastro de nova landing page, carrega os grupos no select','mdi mdi-cube-send','landingpage/c_listarGrupos','1'),(148,'[M] Método atualizar configurações gerais - landing page','[MÉTODO][LP][ADMIN] Método atualizar dados de configurações gerais - landing page','landingpages/atualizar/configuracoes','Método acionado ao atualizar as configurações gerais da landing page','mdi mdi-cube-send','landingpage/atualizarConfigsLandingPage','2'),(149,'[M] Método atualizar status bloquear/liberar - landing page','[MÉTODO][LP][ADMIN] Método atualizar status bloquear/liberar - landing page','landingpages/atualizar/atualizarStatusLandingPage','Método acionado ao atualizar o status da landing page selecionada','mdi mdi-cube-send','landingpage/c_atualizarStatusLandingPage','2'),(150,'[M] Método excluir landing page','[MÉTODO][LP][ADMIN] Método excluir landing page','landingpages/excluir/excluirLandingPages','Método acionado ao excluir landing page','mdi mdi-cube-send','landingpage/c_excluirLandingPages','2'),(151,'[M] Método atualizar informações landing page','[MÉTODO][LP][ADMIN] Método atualizar informações landing page','landingpages/atualizar/editarLandingPage','Método acionado ao atualizar as informações da landing page','mdi mdi-cube-send','landingpage/c_editarLandingPage','2'),(152,'[M] Cadastrar novo template - Landing page','[MÉTODO][LP][ADMIN] Método cadastrar novo template - landing page','dashboard/cadastro/cadastrarNovoTemplateLandingPage','Método acionado ao cadastrar novo template para landing pages','mdi mdi-cube-send','landingpage/c_cadastrarNovoTemplateLandingPage','2'),(153,'[M] Método listar templates - landing page','[MÉTODO][LP][ADMIN] Método listar templates - landing page','dashboard/listagens/listarTodosTemplates','Método acionado ao carregar a página de templates, lista todos os templates criados','mdi mdi-cube-send','landingpage/c_listarTodosTemplates','1'),(154,'[M] Método atualizar status liberar/bloquear templates - landing page','[MÉTODO][LP][ADMIN] Método atualizar status liberar/bloquear templates - landing page','dashboard/atualizar/atualizarStatusTemplates','Método acionado ao alterar status do template - landing page','mdi mdi-cube-send','landingpage/c_atualizarStatusTemplates','2'),(155,'[M] Método atualizar informações templates - landing page','[MÉTODO][LP][ADMIN] Método atualizar informações templates - landing page','dashboard/atualizar/atualizarDadosTemplate','Método acionado ao atualizar informações do template - landing page','mdi mdi-cube-send','landingpage/c_atualizarDadosTemplate','2'),(156,'[M] Método excluir templates - landing page','[MÉTODO][LP][ADMIN] Método excluir templates - landing page','dashboard/excluir/excluirTemplate','Método acionado ao excluir template - landing page','mdi mdi-cube-send','landingpage/c_excluirTemplate','2'),(157,'[M] Método selecionar template para landing page','[MÉTODO][LP][ADMIN] Método selecionar template para landing page - landing page','dashboard/atualizar/atualizarTemplateSelecionadoLandingPage','Método acionado para selecionar template para landing page','mdi mdi-cube-send','landingpage/c_atualizarTemplateSelecionadoLandingPage','2'),(158,'[V] Leads - Landing page','[VIEW][LP][ADMIN] Página para acompanhar leads - landing page','dashboard/landingPages/leads/(:any)','Página para acompanhar os leads das landing pages','mdi mdi-newspaper','landingpage/Leads/v_leads/(:any)','1'),(159,'[M] Método relatório de acesso gerais - landing page','[MÉTODO][LP][ADMIN] Método relatório de acesso gerais - landing page','dashboard/listagens/listarRelatorioAcessos/(:any)','Método acionado ao abrir a página, lista todos os dados de acessos gerais','mdi mdi-cube-send','landingpage/Leads/c_listarRelatorioAcessos/$1','1'),(160,'[M] Método relatório de leads gerais - landing page','[MÉTODO][LP][ADMIN] Método relatório de leads gerais - landing page','dashboard/listagens/listarRelatoriosLeads/(:any)','Método acionado ao abrir a página, lista todos os dados de leads gerais','mdi mdi-cube-send','landingpage/Leads/c_listarRelatoriosLeads/$1','1'),(161,'[M] Método relatório de acessos semanais - landing page','[MÉTODO][LP][ADMIN] Método relatório de acessos semanais - landing page','dashboard/listagens/listarRelatorioSemana/(:any)','Método acionado ao abrir a página, lista todos os dados de ACESSOS SEMANAIS gerais','mdi mdi-cube-send','landingpage/Leads/c_listarRelatorioSemana/$1','1'),(162,'[M] Método relatório de acessos mensais - landing page','[MÉTODO][LP][ADMIN] Método relatório de acessos mensais - landing page','dashboard/listagens/listarRelatorioMensal/(:any)','Método acionado ao abrir a página, lista todos os dados de ACESSOS MENSAIS ','mdi mdi-cube-send','landingpage/Leads/c_listarRelatorioMensal/$1','1'),(163,'[M] Método relatório de acessos anual - landing page','MÉTODO][LP][ADMIN] Método relatório de acessos anual - landing page','dashboard/listagens/listarRelatorioAnual/(:any)','Método acionado ao abrir a página, lista todos os dados de ACESSOS ANIAL','mdi mdi-cube-send','landingpage/Leads/c_listarRelatorioAnual/$1','1'),(164,'[M] Método relatório CADASTROS LEADS GERAIS - landing page','[MÉTODO][LP][ADMIN] Método relatório CADASTROS LEADS GERAIS - landing page','dashboard/listagens/listarRelatoriosCadastros/(:any)','Método acionado para carregar as quantidades gerais dos cadastros','mdi mdi-cube-send','landingpage/Leads/c_listarRelatoriosCadastros/$1','1'),(165,'[M] Método relatório CADASTROS LEADS DIÁRIOS - landing page','[MÉTODO][LP][ADMIN] Método relatório CADASTROS LEADS DIÁRIOS - landing page','dashboard/listagens/listarRelatorioCadastrosDiario/(:any)','Método acionado ao subir o modal para ver os cadastros diários - landing pages','mdi mdi-cube-send','landingpage/Leads/c_listarRelatorioCadastrosDiario/$1','1'),(166,'[M] Método relatório CADASTROS LEADS SEMANAIS - landing page','[MÉTODO][LP][ADMIN] Método relatório CADASTROS LEADS SEMANAIS - landing page','dashboard/listagens/listarRelatorioCadastrosSemanal/(:any)','Método acionado ao subir o modal para ver os cadastros semanais - landing pages','mdi mdi-cube-send','landingpage/Leads/c_listarRelatorioCadastrosSemanal/$1','1'),(167,'[M] Método relatório CADASTROS LEADS MENSAIS - landing page','[MÉTODO][LP][ADMIN] Método relatório CADASTROS LEADS MENSAIS - landing page','dashboard/listagens/listarRelatorioCadastrosMensal/(:any)','Método acionado ao subir o modal para ver os cadastros mensais - landing pages','mdi mdi-cube-send','landingpage/Leads/c_listarRelatorioCadastrosMensal/$1','1'),(168,'[M] Método relatório CADASTROS LEADS ANUAL - landing page','[MÉTODO][LP][ADMIN] Método relatório CADASTROS LEADS MENSAIS - landing page','dashboard/listagens/listarRelatorioCadastrosAnual/(:any)','Método acionado ao subir o modal para ver os cadastros anual - landing pages','mdi mdi-cube-send','landingpage/Leads/c_listarRelatorioCadastrosAnual/$1','1'),(169,'[M] Método relatório CADASTROS FACEBOOK - landing page','[MÉTODO][LP][ADMIN] Método relatório CADASTROS FACEBOOK - landing page','dashboard/listagens/listarRelatorioCadastrosFacebook/(:any)','Método acionado ao subir o modal para ver os cadastros FACEBOOK - landing pages','mdi mdi-cube-send','landingpage/Leads/c_listarRelatorioCadastrosFacebook/$1','1'),(170,'[M] Método relatório CADASTROS INSTAGRAM - landing page','[MÉTODO][LP][ADMIN] Método relatório CADASTROS INSTAGRAM - landing page','dashboard/listagens/listarRelatorioCadastrosInstagram/(:any)','Método acionado ao subir o modal para ver os cadastros INSTAGRAM - landing pages','mdi mdi-cube-send','landingpage/Leads/c_listarRelatorioCadastrosInstagram/$1','1'),(171,'[M] Método relatório CADASTROS WHATSAPP - landing page','[MÉTODO][LP][ADMIN] Método relatório CADASTROS WHATSAPP - landing page','dashboard/listagens/listarRelatorioCadastrosWhatsApp/(:any)','Método acionado ao subir o modal para ver os cadastros WHATSAPP - landing pages','mdi mdi-cube-send','landingpage/Leads/c_listarRelatorioCadastrosWhatsApp/$1','1'),(172,'[M] Método relatório CADASTROS GOOGLE - landing page','[MÉTODO][LP][ADMIN] Método relatório CADASTROS GOOGLE - landing page','dashboard/listagens/listarRelatorioCadastrosGoogle/(:any)','Método acionado ao subir o modal para ver os cadastros GOOGLE - landing pages','mdi mdi-cube-send','landingpage/Leads/c_listarRelatorioCadastrosGoogle/$1','1'),(173,'[M] Método relatório CADASTROS YOUTUBE - landing page','[MÉTODO][LP][ADMIN] Método relatório CADASTROS YOUTUBE - landing page','dashboard/listagens/listarRelatorioCadastrosYouTube/(:any)','Método acionado ao subir o modal para ver os cadastros YOUTUBE - landing pages','mdi mdi-cube-send','landingpage/Leads/c_listarRelatorioCadastrosYouTube/$1','1'),(174,'[M] Método relatório CADASTROS MESSEGER - landing pagee','[MÉTODO][LP][ADMIN] Método relatório CADASTROS MESSEGER - landing page','dashboard/listagens/listarRelatorioCadastrosMessenger/(:any)','Método acionado ao subir o modal para ver os cadastros MESSEGER - landing pages','mdi mdi-cube-send','landingpage/Leads/c_listarRelatorioCadastrosMessenger/$1','1'),(175,'[M] Método relatório CADASTROS AMIGOS - landing page','[MÉTODO][LP][ADMIN] Método relatório CADASTROS AMIGOS - landing page','dashboard/listagens/listarRelatorioCadastrosAmigos/(:any)','Método acionado ao subir o modal para ver os cadastros AMIGOS - landing pages','mdi mdi-cube-send','landingpage/Leads/c_listarRelatorioCadastrosAmigos/$1','1'),(176,'[M] Método relatório CADASTROS OUTROS - landing page','[MÉTODO][LP][ADMIN] Método relatório CADASTROS OUTROS - landing page','dashboard/listagens/listarRelatorioCadastrosOutros/(:any)','Método acionado ao subir o modal para ver os cadastros OUTROS - landing pages','mdi mdi-cube-send','landingpage/Leads/c_listarRelatorioCadastrosOutros/$1','1'),(177,'[M] Método relatório CADASTROS TOTAIS ONDE NOS CONHECEU - landing page','[MÉTODO][LP][ADMIN] Método relatório CADASTROS TOTAIS ONDE NOS CONHECEU - landing page','dashboard/listagens/listarRelatorioCadastrosTotais/(:any)','Método acionado ao subir o modal para ver os cadastros TOTAIS ONDE NOS CONHECEU - landing pages','mdi mdi-cube-send','landingpage/Leads/c_listarRelatorioCadastrosTotais/$1','1'),(178,'[M] Método relatório CADASTROS TOTAIS CLIQUES - landing page','[MÉTODO][LP][ADMIN] Método relatório CADASTROS TOTAIS CLIQUES - landing page','dashboard/listagens/listarRelatoriosClicks/(:any)','Método acionado ao subir o modal para ver os cadastros TOTAIS CLIQUES - landing pages','mdi mdi-cube-send','landingpage/Leads/c_listarRelatoriosClicks/$1','1'),(179,'[M] Método relatório CADASTROS CLIQUES DIÁRIOS - landing page','[MÉTODO][LP][ADMIN] Método relatório CADASTROS CLIQUES DIÁRIOS - landing page','dashboard/listagens/listarRelatorioClicksDiario/(:any)','Método acionado ao subir o modal para ver os cadastros CLIQUES DIÁRIOS - landing pages','mdi mdi-cube-send','landingpage/Leads/c_listarRelatorioClicksDiario/$1','1'),(180,'[M] Método relatório CADASTROS CLIQUES SEMANAL - landing page','[MÉTODO][LP][ADMIN] Método relatório CADASTROS CLIQUES SEMANAL - landing page','dashboard/listagens/listarRelatorioClicksSemanal/(:any)','Método acionado ao subir o modal para ver os cadastros CLIQUES SEMANAL - landing pages','mdi mdi-cube-send','landingpage/Leads/c_listarRelatorioClicksSemanal/$1','1'),(181,'[M] Método relatório CADASTROS CLIQUES MENSAL - landing page','[MÉTODO][LP][ADMIN] Método relatório CADASTROS CLIQUES MENSAL - landing page','dashboard/listagens/listarRelatorioClicksMensal/(:any)','Método acionado ao subir o modal para ver os cadastros CLIQUES MENSAL - landing pages','mdi mdi-cube-send','landingpage/Leads/c_listarRelatorioClicksMensal/$1','1'),(182,'[M] Método relatório CADASTROS CLIQUES ANUAL - landing page','[MÉTODO][LP][ADMIN] Método relatório CADASTROS CLIQUES ANUAL - landing page','dashboard/listagens/listarRelatorioClicksAnual/(:any)','Método acionado ao subir o modal para ver os cadastros CLIQUES ANUAL - landing pages','mdi mdi-cube-send','landingpage/Leads/c_listarRelatorioClicksAnual/$1','1'),(183,'[M] Método relatório CADASTROS CLIQUES BOTÕES - landing page','[MÉTODO][LP][ADMIN] Método relatório CADASTROS CLIQUES BOTÕES - landing page','dashboard/listagens/listarRelatorioClicksBotoes/(:any)','Método acionado ao subir o modal para ver os cadastros CLIQUES BOTÕES - landing pages','mdi mdi-cube-send','landingpage/Leads/c_listarRelatorioClicksBotoes/$1','1'),(184,'[M] Método DOWNLOAD RELATÓRIO ACESSOS DIÁRIOS - LEADS - landing page','[MÉTODO][LP][ADMIN] Método DOWNLOAD RELATÓRIO ACESSOS DIÁRIOS - LEADS - landing page','dashboard/relatorios/downListarRelatoriosAcessosDia/(:any)','Método acionado ao solicitar DOWNLOAD do relatório de ACESSOS DIÁRIO - LEADS',' mdi mdi-cloud-download','landingpage/Leads/c_downListarRelatoriosAcessosDia/$1','1'),(185,'[M] Método DOWNLOAD RELATÓRIO ACESSOS SEMANAL - LEADS - landing page','[MÉTODO][LP][ADMIN] Método DOWNLOAD RELATÓRIO ACESSOS SEMANAL - LEADS - landing page','dashboard/relatorios/downListarRelatoriosAcessosSemana/(:any)','Método acionado ao solicitar DOWNLOAD do relatório de ACESSOS SEMANAL - LEADS','mdi mdi-cloud-download','landingpage/Leads/c_downListarRelatoriosAcessosSemana/$1','1'),(186,'[M] Método DOWNLOAD RELATÓRIO ACESSOS MENSAL - LEADS - landing page','[MÉTODO][LP][ADMIN] Método DOWNLOAD RELATÓRIO ACESSOS MENSAL - LEADS - landing page','dashboard/relatorios/downListarRelatoriosAcessosMes/(:any)','Método acionado ao solicitar DOWNLOAD do relatório de ACESSOS MENSAL - LEADS','mdi mdi-cloud-download','landingpage/Leads/c_downListarRelatoriosAcessosMes/$1','1'),(187,'[M] Método DOWNLOAD RELATÓRIO ACESSOS ANUAL - LEADS - landing page','[MÉTODO][LP][ADMIN] Método DOWNLOAD RELATÓRIO ACESSOS ANUAL - LEADS - landing page','dashboard/relatorios/downListarRelatoriosAcessosAno/(:any)','Método acionado ao solicitar DOWNLOAD do relatório de ACESSOS ANUAL - LEADS','mdi mdi-cloud-download','landingpage/Leads/c_downListarRelatoriosAcessosAno/$1','1'),(188,'[M] Método DOWNLOAD RELATÓRIO CADASTROS DIÁRIOS - LEADS - landing page','[MÉTODO][LP][ADMIN] Método DOWNLOAD RELATÓRIO CADASTROS DIÁRIOS - LEADS - landing page','dashboard/relatorios/downListarRelatoriosCadastroDia/(:any)','Método acionado ao solicitar DOWNLOAD do relatório de CADASTROS DIÁRIOS - LEADS','mdi mdi-cloud-download','landingpage/Leads/c_downListarRelatoriosCadastroDia/$1','1'),(189,'[M] Método DOWNLOAD RELATÓRIO CADASTROS SEMANAL - LEADS - landing page','[MÉTODO][LP][ADMIN] Método DOWNLOAD RELATÓRIO CADASTROS SEMANAL - LEADS - landing page','dashboard/relatorios/downListarRelatoriosCadastroSemana/(:any)','Método acionado ao solicitar DOWNLOAD do relatório de CADASTROS SEMANAL - LEADS','mdi mdi-cloud-download','landingpage/Leads/c_downListarRelatoriosCadastroSemana/$1','1'),(190,'[M] Método DOWNLOAD RELATÓRIO CADASTROS MENSAL - LEADS - landing page','[MÉTODO][LP][ADMIN] Método DOWNLOAD RELATÓRIO CADASTROS MENSAL - LEADS - landing page','dashboard/relatorios/downListarRelatoriosCadastroMes/(:any)','Método acionado ao solicitar DOWNLOAD do relatório de CADASTROS MENSAL - LEADS','mdi mdi-cloud-download','landingpage/Leads/c_downListarRelatoriosCadastroMes/$1','1'),(191,'[M] Método DOWNLOAD RELATÓRIO CADASTROS ANUAL - LEADS - landing page','[MÉTODO][LP][ADMIN] Método DOWNLOAD RELATÓRIO CADASTROS ANUAL - LEADS - landing page','dashboard/relatorios/downListarRelatoriosCadastroAno/(:any)','Método acionado ao solicitar DOWNLOAD do relatório de CADASTROS ANUAL - LEADS','mdi mdi-cloud-download','landingpage/Leads/c_downListarRelatoriosCadastroAno/$1','1'),(192,'[M] Método DOWNLOAD RELATÓRIO CLIQUES BOTÕES DIÁRIO - LEADS - landing page','[MÉTODO][LP][ADMIN] Método DOWNLOAD RELATÓRIO CLIQUES BOTÕES DIÁRIO - LEADS - landing page','dashboard/relatorios/downListarRelatoriosClicksBotoesDia/(:any)','Método acionado ao solicitar DOWNLOAD do relatório de CLIQUES BOTÕES DIÁRIOS - LEADS','mdi mdi-cloud-download','landingpage/Leads/c_downListarRelatoriosClicksBotoesDia/$1','1'),(193,'[M] Método DOWNLOAD RELATÓRIO CLIQUES BOTÕES SEMANAL - LEADS - landing page','[MÉTODO][LP][ADMIN] Método DOWNLOAD RELATÓRIO CLIQUES BOTÕES SEMANAL- LEADS - landing page','dashboard/relatorios/downListarRelatoriosClicksBotoesSemana/(:any)','Método acionado ao solicitar DOWNLOAD do relatório de CLIQUES BOTÕES SEMANAL - LEADS','mdi mdi-cloud-download','landingpage/Leads/c_downListarRelatoriosClicksBotoesSemana/$1','1'),(194,'[M] Método DOWNLOAD RELATÓRIO CLIQUES BOTÕES MENSAL - LEADS - landing page','[MÉTODO][LP][ADMIN] Método DOWNLOAD RELATÓRIO CLIQUES BOTÕES MENSAL - LEADS - landing page','dashboard/relatorios/downListarRelatoriosClicksBotoesMes/(:any)','Método acionado ao solicitar DOWNLOAD do relatório de CLIQUES BOTÕES MENSAL - LEADS','mdi mdi-cloud-download','landingpage/Leads/c_downListarRelatoriosClicksBotoesMes/$1','1'),(195,'[M] Método DOWNLOAD RELATÓRIO CLIQUES BOTÕES ANUAL - LEADS - landing page','[MÉTODO][LP][ADMIN] Método DOWNLOAD RELATÓRIO CLIQUES BOTÕES ANUAL - LEADS - landing page','dashboard/relatorios/downListarRelatoriosClicksBotoesAno/(:any)','Método acionado ao solicitar DOWNLOAD do relatório de CLIQUES BOTÕES ANUAL - LEADS','mdi mdi-cloud-download','landingpage/Leads/c_downListarRelatoriosClicksBotoesAno/$1','1'),(196,'[M][T] Método listar dados HEAD e SEO - landing page','[MÉTODO][LP][ADMIN][TEMP] Método listar dados HEAD e SEO - landing page','dashboard/listagens/listarHeadSEO/(:any)','Método acionado ao listar dados HEAD e SEO - landing page','mdi mdi-cube-send','landingpage/Modelos/c_listarHeadSEO/(:any)','1'),(197,'[M][T] Método ATUALIZAR dados HEAD e SEO - landing page','[MÉTODO][LP][ADMIN][TEMP] Método ATUALIZAR dados HEAD e SEO - landing page','dashboard/atualizar/atualizarHeadSEO','Método acionado ao ATUALIZAR dados HEAD e SEO - landing page','mdi mdi-cube-send','landingpage/Modelos/c_atualizarHeadSEO','2'),(198,'[M][T] Método LISTAR dados MENU SLIDE - landing page','[MÉTODO][LP][ADMIN][TEMP] Método LISTAR dados MENU SLIDE - landing page','dashboard/listagens/listarLogoMenuSlide/(:any)','Método acionado ao LISTAR dados MENU SLIDE - landing page','mdi mdi-cube-send','landingpage/Modelos/c_listarLogoMenuSlide/(:any)','1'),(199,'[M][T] Método ATUALIZAR dados LOGO, MENU, SLIDE - landing page','[MÉTODO][LP][ADMIN][TEMP] Método ATUALIZAR dados LOGO, MENU, SLIDE - landing page','dashboard/atualizar/atualizarformLogoMenuSlide','Método acionado ao ATUALIZAR dados OGO, MENU, SLIDE - landing page','mdi mdi-cube-send','landingpage/Modelos/c_atualizarformLogoMenuSlide','2'),(200,'[M][T] Método LISTAR dados FORMULÁRIOS - landing page','[MÉTODO][LP][ADMIN][TEMP] Método LISTAR dados FORMULÁRIOS - landing page','dashboard/listagens/listarForms/(:any)','Método acionado ao LISTAR dados FORMULÁRIOS - landing page','mdi mdi-cube-send','landingpage/Modelos/c_listarForms/(:any)','1'),(201,'[M][T] Método ATUALIZAR dados FORMULÁRIOS - landing page','[MÉTODO][LP][ADMIN][TEMP] Método ATUALIZAR dados FORMULÁRIOS - landing page','dashboard/atualizar/atualizarFormularios','Método acionado ao ATUALIZAR dados FORMULÁRIOS - landing page','mdi mdi-cube-send','landingpage/Modelos/c_atualizarFormularios','2'),(202,'[M][T] Método LISTAR dados REDES SOCIAIS - landing page','[MÉTODO][LP][ADMIN][TEMP] Método LISTAR dados REDES SOCIAIS - landing page','dashboard/listagens/listarRedesSociais/(:any)','Método acionado ao LISTAR dados REDES SOCIAIS  - landing page','mdi mdi-cube-send','landingpage/Modelos/c_listarRedesSociais/(:any)','1'),(203,'[M][T] Método ATUALIZAR dados REDES SOCIAIS - landing page','[MÉTODO][LP][ADMIN][TEMP] Método ATUALIZAR dados REDES SOCIAIS - landing page','dashboard/atualizar/atualizarRedesSociais','Método acionado ao ATUALIZAR dados REDES SOCIAIS  - landing page','mdi mdi-cube-send','landingpage/Modelos/c_atualizarRedesSociais','2'),(204,'[M][T] Método LISTAR dados SERVIÇOS - landing page','[MÉTODO][LP][ADMIN][TEMP] Método LISTAR dados SERVIÇOS - landing page','dashboard/listagens/listarServicos/(:any)','Método acionado ao LISTAR dados SERVIÇOS - landing page','mdi mdi-cube-send','landingpage/Modelos/c_listarServicos/(:any)','1'),(205,'[M][T] Método ATUALIZAR dados SERVIÇO 1 - landing page','[MÉTODO][LP][ADMIN][TEMP] Método ATUALIZAR dados SERVIÇO 1 - landing page','dashboard/atualizar/atualizarServico1','Método acionado ao ATUALIZAR dados SERVIÇO 1 - landing page','mdi mdi-cube-send','landingpage/Modelos/c_atualizarServico1','2'),(206,'[M][T] Método ATUALIZAR dados SERVIÇO 2 - landing page','[MÉTODO][LP][ADMIN][TEMP] Método ATUALIZAR dados SERVIÇO 2 - landing page','dashboard/atualizar/atualizarServico2','Método acionado ao ATUALIZAR dados SERVIÇO 2 - landing page','mdi mdi-cube-send','landingpage/Modelos/c_atualizarServico2','2'),(207,'[M][T] Método ATUALIZAR dados SERVIÇO 3 - landing page','[MÉTODO][LP][ADMIN][TEMP] Método ATUALIZAR dados SERVIÇO 3 - landing page','dashboard/atualizar/atualizarServico3','Método acionado ao ATUALIZAR dados SERVIÇO 3 - landing page','mdi mdi-cube-send','landingpage/Modelos/c_atualizarServico3','2'),(208,'[M][T] Método ATUALIZAR dados SERVIÇO 4 - landing page','[MÉTODO][LP][ADMIN][TEMP] Método ATUALIZAR dados SERVIÇO 4 - landing page','dashboard/atualizar/atualizarServico4','Método acionado ao ATUALIZAR dados SERVIÇO 4 - landing page','mdi mdi-cube-send','landingpage/Modelos/c_atualizarServico4','2'),(209,'[M][T] Método ATUALIZAR dados SERVIÇO 5 - landing page','[MÉTODO][LP][ADMIN][TEMP] Método ATUALIZAR dados SERVIÇO 5 - landing page','dashboard/atualizar/atualizarServico5','Método acionado ao ATUALIZAR dados SERVIÇO 5 - landing page','mdi mdi-cube-send','landingpage/Modelos/c_atualizarServico5','2'),(210,'[M][T] Método ATUALIZAR dados SERVIÇO 6 - landing page','[MÉTODO][LP][ADMIN][TEMP] Método ATUALIZAR dados SERVIÇO 6 - landing page','dashboard/atualizar/atualizarServico6','Método acionado ao ATUALIZAR dados SERVIÇO 6 - landing page','mdi mdi-cube-send','landingpage/Modelos/c_atualizarServico6','2'),(211,'[M][T] Método ATUALIZAR dados SERVIÇO 7 - landing page','[MÉTODO][LP][ADMIN][TEMP] Método ATUALIZAR dados SERVIÇO 7 - landing page','dashboard/atualizar/atualizarServico7','Método acionado ao ATUALIZAR dados SERVIÇO 7 - landing page','mdi mdi-cube-send','landingpage/Modelos/c_atualizarServico7','2'),(212,'[M][T] Método ATUALIZAR dados SERVIÇO 8 - landing page','[MÉTODO][LP][ADMIN][TEMP] Método ATUALIZAR dados SERVIÇO 8 - landing page','dashboard/atualizar/atualizarServico8','Método acionado ao ATUALIZAR dados SERVIÇO 8 - landing page','mdi mdi-cube-send','landingpage/Modelos/c_atualizarServico8','2'),(213,' [M][T] Método ATUALIZAR dados PÁGINA DE SUCESSO - landing page','[MÉTODO][LP][ADMIN][TEMP] Método ATUALIZAR dados PÁGINA DE SUCESSO - landing page','dashboard/atualizar/atualizarServico_paginaSucesso','Método acionado ao ATUALIZAR dados PÁGINA DE SUCESSO - landing page','mdi mdi-cube-send','landingpage/Modelos/c_atualizarServico_paginaSucesso','2'),(214,'[M][P] Método Contador de visitas - landing page','[MÉTODO][LP][PÚBLICO] Método Contador de visitas - landing page','dashboard/contador','Método acionado ao abrir a landing page e contar as visitas recebinas nela','mdi mdi-cube-send','landingpage/c_contador','2'),(215,'[M][P] Método Contador de tempo online - landing page','[MÉTODO][LP][PÚBLICO] Método Contar o tempo online do usuário - landing page','dashboard/contador/tempoOnline/(:any)','Método acionado para contar o tempo que o usuário fica na página da landing page','mdi mdi-cube-send','landingpage/c_tempoOnline/(:any)','2'),(216,'[M][P] Método Contar os cliques nos botões - landing pag','[MÉTODO][LP][PÚBLICO] Método Contar os cliques nos botões - landing page','dashboard/contador/clicks/(:any)','Método acionado ao clicar nos botões da landing page','mdi mdi-cube-send','landingpage/c_clicks/(:any)','2'),(217,'[M][P] Método cadastrar novo lead - landing page','[MÉTODO][LP][PÚBLICO] Método cadastrar novo lead - landing page','dashboard/cadastro/leadsCadastroForm1/(:any)','Método acionado ao cadastrar novo lead na landing page','mdi mdi-cube-send','landingpage/c_leadsCadastroForm1/(:any)','2'),(218,'[M] Atualizar dados do usuário','[MÉTODO][USUÁRIOS][ADMIN] Atualizar dados do usuário','dashboard/usuarios/atualizarDadosUsuario','Método acionado ao atualizar os dados do usuário no modal','mdi mdi-cube-send','usuarios/c_atualizarDadosUsuario','2'),(219,'[M] Atualizar status bloquear/liberar usuário','[MÉTODO][USUÁRIOS][ADMIN] Atualizar status bloquear/liberar usuário','dashboard/usuarios/atualizarStatusUsuario','Método acionado ao liberar ou bloquear usuário','mdi mdi-cube-send','usuarios/c_atualizarStatusUsuario','2'),(220,'[M] Excluir usuário','[MÉTODO][USUÁRIOS][ADMIN] Excluir usuário','dashboard/usuarios/deletarDadosUsuario','Método acionado ao excluir usuário','mdi mdi-cube-send','usuarios/c_deletarDadosUsuario','2'),(221,'[M] Listar dados minha conta - usuário','[MÉTODO][USUÁRIOS][ADMIN] Listar dados minha conta - usuário','dashboard/usuarios/dadosMinhaConta','Método acionado ao carregar a página minha conta','mdi mdi-cube-send','usuarios/c_dadosMinhaConta','1'),(222,'[M] Atualizar dados minha conta - usuário','[MÉTODO][USUÁRIOS][ADMIN] Atualizar dados minha conta - usuário','dashboard/usuarios/atualizarMinhaContaUsuario','Método acionado ao atualizar os dados do usuário na página minha conta','mdi mdi-cube-send','usuarios/c_atualizarMinhaContaUsuario','2'),(223,'[M] Listar níveis de acesso na página  de usuários - usuário','[MÉTODO][USUÁRIOS][ADMIN] Listar níveis de acesso na página de gestão de usuários - usuário','dashboard/usuarios/listaNivelAcessoUsuarios','Método acionado para listar os dados dos níveis de acesso para popular o select no form de cadastro de novo usuário','mdi mdi-cube-send','painel/c_listaNivelAcessoUsuarios','1'),(224,'[M] Listar configurações de disparo (SMTP)','[MÉTODO][NEWSLETTER][ADMIN] Listar configurações de disparo (SMTP)','dashboard/listagens/listarConfigs_disparo','Método acionado ao carregar a página para listar os dados de disparo','mdi mdi-cube-send','newsletter/c_listarConfigs_disparo','1'),(225,'[M] Atualizar configurações de disparo (SMTP)','[MÉTODO][NEWSLETTER][ADMIN] atualizar configurações de disparo (SMTP)','dashboard/atualizar/atualizarConfigsDisparo','método acionado ao atualizar os dados de disparo da newsletter','mdi mdi-cube-send','newsletter/c_atualizarConfigsDisparo','2'),(226,'[M] Criár nova página - Páginas','[MÉTODO][PERMISSÕES][ADMIN] Criár nova página - Páginas','dashboard/permissoes/criarPagina','Método acionado ao criar nova página no sistema','mdi mdi-cube-send','permissoes/c_criarPagina','2'),(227,'[M] Listar páginas - Páginas','[MÉTODO][PERMISSÕES][ADMIN] Listar páginas - Páginas','dashboard/permissoes/listarPaginas','método acionado ao carregar página de gestão das páginas','mdi mdi-cube-send','permissoes/c_listarPaginas','1'),(228,'[M] Atualizar informações da página - Páginas','[MÉTODO][PERMISSÕES][ADMIN] Atualizar informações da página - Páginas','dashboard/permissoes/atualizarDadosPaginas','Método acionado ao atualizar as informações da página via modal','mdi mdi-cube-send','permissoes/c_atualizarDadosPaginas','2'),(229,' [M][ADMIN] Excluir página - Páginas',' [MÉTODO][PERMISSÕES][ADMIN] Excluir página - Páginas','dashboard/permissoes/deletarDadosPagina','Método acionado ao excluir página','mdi mdi-cube-send','permissoes/c_deletarDadosPagina','2'),(230,'[M] Criar novo  nível de acesso','[MÉTODO][PERMISSÕES][ADMIN] Criar novo  nível de acesso','dashboard/permissoes/criarNivelAcesso','Método acionado para criar novo nível de acesso','mdi mdi-cube-send','permissoes/c_criarNivelAcesso','2'),(231,'[M] Listar nível de acesso','[MÉTODO][PERMISSÕES][ADMIN] Listar nível de acesso','dashboard/permissoes/listarNiveisAcesso','Método acionado ao carregar a página de nível de acesso, lista todos os níveis criados','mdi mdi-cube-send','permissoes/c_listarNiveisAcesso','1'),(232,'[M] Atualizar informações de nível de acesso','[MÉTODO][PERMISSÕES][ADMIN] Atualizar informações de nível de acesso','dashboard/permissoes/atualizarNivelAcesso','Método acionado ao atualizar as informações do nível de acesso','mdi mdi-cube-send','permissoes/c_atualizarNivelAcesso','2'),(233,'[M] Excluir nível de acesso','[MÉTODO][PERMISSÕES][ADMIN] Excluir nível de acesso','dashboard/permissoes/deletarNivelAcesso','Método acionado ao excluir nível de acesso','mdi mdi-cube-send','permissoes/c_deletarNivelAcesso','2'),(234,'[M] Remover página do nível de acesso','[MÉTODO][PERMISSÕES][ADMIN] Remover página do nível de acesso','dashboard/permissoes/associarRemoverPagina','Método acionado ao remover a página do nível de acesso, na página de gestão de permissões do nível de acesso','mdi mdi-cube-send','permissoes/c_associarRemoverPagina','2'),(235,'[M] Atualizar status MENU página','[MÉTODO][PERMISSÕES][ADMIN] Atualizar status MENU página','dashboard/permissoes/liberarBloquearMenu','Método acionado ao liberar ou bloquear acesso ao menu do nível de acesso','mdi mdi-cube-send','permissoes/c_liberarBloquearMenu','2'),(236,'[M] Liberar permissão ao nível','[MÉTODO][PERMISSÕES][ADMIN] Liberar permissão ao nível','dashboard/permissoes/liberarBloquearPermissao','Método acionado ao permitir o nível acessar a página','mdi mdi-cube-send','permissoes/c_liberarBloquearPermissao','2'),(237,'[] Liberar permissão ao nível 2 (verificar)','[MÉTODO][PERMISSÕES][ADMIN] Liberar permissão ao nível 2','dashboard/permissoes/bloquearPermissao','Método para liberar acesso do nível a página','mdi mdi-cube-send','permissoes/c_bloquearPermissao','2'),(238,'[M] Criar novo grupo/lista','[MÉTODO][NEWSLETTER][ADMIN] Criar novo grupo/lista','cadastros/cadastrarGrupo','Método acionado ao criar novo grupo/lista','mdi mdi-cube-sen','newsletter/c_cadastrarGrupo','2'),(239,'[M] Listar grupo/lista existentes','[MÉTODO][NEWSLETTER][ADMIN] Listar grupo/lista existentes','listagens/listarGrupo','Método acionado ao carregar a página de grupos/listas - lista os grupos existentes','mdi mdi-cube-send','newsletter/c_listarGrupos','1'),(240,'[M] Atualizar informações do grupo/lista','[MÉTODO][NEWSLETTER][ADMIN] Atualizar informações do grupo/lista','alteracoes/alterarGrupo','Método acionado ao atualizar os dados do grupo/lista','mdi mdi-cube-send','newsletter/c_alterarGrupos','2'),(241,'[M] Excluir grupo/lista','[MÉTODO][NEWSLETTER][ADMIN] Excluir grupo/lista','exclusoes/excluirGrupo','Método acionado ao excluir grupo/lista','mdi mdi-cube-send','newsletter/c_excluirGrupo','2'),(242,'[M] Cadastrar e-mail individual','[MÉTODO][NEWSLETTER][ADMIN] Cadastrar e-mail individual','cadastros/cadastrarEmailIndividual','Método acionado ao cadastrar no e-mail individual','mdi mdi-cube-send','newsletter/c_cadastrarEmailIndividual','2'),(243,'[M] Listar e-mails','[MÉTODO][NEWSLETTER][ADMIN] Listar e-mails','listagens/listarListasEmails','Método acionado ao carregar a página de gestão de e-mails - lista todos os e-mails','mdi mdi-cube-send','newsletter/c_listarListasEmails','1'),(244,'[M] importar lista CSV de e-mails','[MÉTODO][NEWSLETTER][ADMIN] importar lista CSV de e-mails','cadastros/cadastrarListaEmailCSV','Método acionado ao importar lista de e-mails','mdi mdi-cube-send','newsletter/c_cadastrarListaEmailCSV','2'),(245,'[M] Excluir lista de e-mails','[MÉTODO][NEWSLETTER][ADMIN] Excluir lista de e-mails','exclusoes/excluirEmailsLista','Método acionado ao excluir lista de e-mails','mdi mdi-cube-send','newsletter/c_excluirEmailsLista','2'),(246,'[M] Cadastrar nova campanha','[MÉTODO][NEWSLETTER][ADMIN] Cadastrar nova campanha','cadastros/cadastrarNovaCampanha','Método acionado ao cadastrar nova campanha de newsletter','mdi mdi-cube-send','newsletter/c_cadastrarNovaCampanha','2'),(247,'[M] Atualizar dados da campanha de newsletter','[MÉTODO][NEWSLETTER][ADMIN] Atualizar dados da campanha de newsletter','alteracoes/alterarCampanha','Método acionado ao atualizar informações da campanha','mdi mdi-cube-send','newsletter/c_alterarCampanha','2'),(248,'[M] Listar campanhas pendentes','[MÉTODO][NEWSLETTER][ADMIN] Listar campanhas pendentes','listagens/listarCampanhas','Método acionado ao carregar a página de campanhas - lista as campanhas pendentes','mdi mdi-cube-send','newsletter/c_listarCampanhas','1'),(249,'[M] Listar campanhas enviadas','[MÉTODO][NEWSLETTER][ADMIN] Listar campanhas enviadas','listagens/listarCampanhasEnviadas','Método acionado ao carregar a página de campanhas - lista as campanhas enviadas','mdi mdi-cube-send','newsletter/c_listarCampanhasEnviadas','1'),(250,'[M] Excluir campanha de newsletter','[MÉTODO][NEWSLETTER][ADMIN] Excluir campanha de newsletter','exclusoes/excluirCampanha','Método acionado ao excluir campanha de newsletter','mdi mdi-cube-send','newsletter/c_excluirCampanha','2'),(251,'[M] Preparar campanha para envio','[MÉTODO][NEWSLETTER][ADMIN] Preparar campanha para envio','cadastros/prepararCampanhaEnvio','Método acionado quando clicar no botão ENVIAR da campanha de newsletter','mdi mdi-cube-send','newsletter/c_prepararCampanhaEnvio','2'),(252,'[M] Cadastrar template de e-mail -  news','[MÉTODO][NEWSLETTER][ADMIN] Cadastrar template de e-mail -  news','cadastros/cadastrarNovoModeloTemplateEmail','Método acionado ao cadastrar novo template de e-mail','mdi mdi-cube-send','newsletter/c_cadastrarNovoModeloTemplateEmail','2'),(253,'[M] Listar templates de e-mails cadastrados - news','[MÉTODO][NEWSLETTER][ADMIN] Listar templates de e-mails cadastrados - news','listagens/listarModelosTemplateEmails','Método acionado ao carregar a página de templates de e-mail - Lista todos','mdi mdi-cube-send','newsletter/c_listarModelosTemplateEmails','1'),(254,'[M] Atualizar status template de e-mail - news','[MÉTODO][NEWSLETTER][ADMIN] Atualizar status template de e-mail - news','dashboard/atualizar/atualizarStatusModeloTemplate','Método acionado ao atualizar o status do template de e-mail','mdi mdi-cube-send','newsletter/c_atualizarStatusModeloTemplate','2'),(255,' [M] Atualizar informações template de e-mail - news',' [MÉTODO][NEWSLETTER][ADMIN] Atualizar informações template de e-mail - news','dashboard/atualizar/atualizarInfosModeloTemplate','Método acionado ao atualizar as informações do template de e-mail','mdi mdi-cube-send','newsletter/c_atualizarInfosModeloTemplate','2'),(256,'[M] Excluir template de e-mail - news','[MÉTODO][NEWSLETTER][ADMIN] Excluir template de e-mail - news','dashboard/exclusoes/excluirModeloTemplateEmail','Método acionado ao excluir template de e-mail','mdi mdi-cube-send','newsletter/c_excluirModeloTemplateEmail','2'),(257,' [M] Listar configurações de template de e-mail - news',' [MÉTODO][NEWSLETTER][ADMIN] Listar configurações de template de e-mail - news','listagens/listarConfigsTemplateEmails','Método acionado ao carregar a página - lista as configurações de template de e-mail','mdi mdi-cube-send','newsletter/c_listarConfigsTemplateEmails','1'),(258,'[M] Atualizar configurações de template de e-mail - news','[MÉTODO][NEWSLETTER][ADMIN] Atualizar configurações de template de e-mail - news','dashboard/atualizar/atualizarDadosConfigsTempEmail','Metodo acionado ao atualizar as informações de configurações de template de e-mail','mdi mdi-cube-send','newsletter/c_atualizarDadosConfigsTempEmail','2'),(259,'[M] Listar campanhas ao selecionar template de e-mail - news','[MÉTODO][NEWSLETTER][ADMIN] Listar campanhas ao selecionar template de e-mail - news','listagens/listarCampanhasTemplates','Método acionado ao carregar a página de seleção de template de e-mails - lista todas as campanhas disponíveis','mdi mdi-cube-send','newsletter/c_listarCampanhasTemplates','1'),(260,'[M] Listar os templates ao selecionar template de e-mail - news','[MÉTODO][NEWSLETTER][ADMIN] Listar os templates ao selecionar template de e-mail - news','listagens/listarModelosTemplateEmailsTabela','Método acionado ao carregar a página de seleção de template de e-mails - lista todos os templates disponíveis','mdi mdi-cube-send','newsletter/c_listarModelosTemplateEmailsTabela','1'),(261,'[M] Atualiza o template de e-mail escolhido - news','[MÉTODO][NEWSLETTER][ADMIN] Atualiza o template de e-mail escolhido - news','alteracoes/atualizarTemplateEmailCampanha','Método acionado ao selecionar o template de e-mail para a campanha de newsletter','mdi mdi-cube-send','newsletter/c_atualizarTemplateEmailCampanha','2'),(262,'[M] Cancelar inscrição de newsletter','[MÉTODO][NEWSLETTER][ADMIN] Cancelar inscrição de newsletter','newsletter/cancelar_inscricaoNews','Método acionado ao cancelar inscrição de newsletter - página de cancelr inscrição','mdi mdi-cube-send','newsletter/c_cancelar_inscricaoNews','2'),(263,'[M] Listar campanhas de newsletters sendo enviadas','[MÉTODO][NEWSLETTER][ADMIN] Listar campanhas de newsletters sendo enviadas','listagens/listarEnviosAndamento','Método acionado ao carregar a página de disparos, lista as campanhas sendo enviadas','mdi mdi-cube-send','newsletter/c_listarEnviosAndamento','1'),(264,'[M] Listar campanhas enviadas','[MÉTODO][NEWSLETTER][ADMIN] Listar campanhas enviadas','listagens/listarEnviosEnviadosOK','Método acionado ao carregar a página de disparos, lista as campanhas já enviadas','mdi mdi-cube-send','newsletter/c_listarEnviosEnviadosOK','1'),(265,'[M] Disparar envios','[MÉTODO][NEWSLETTER][ADMIN] Disparar envios','newsletter/disparo_newsletter','Método acionado pela CRON de disparo das campanhas','mdi mdi-cube-send','newsletter/c_disparo_newsletter','1'),(266,'[M] Download relatório de envios das campanhas','[MÉTODO][NEWSLETTER][ADMIN] Download relatório de envios das campanhas','dashboard/listagens/relatorioEnvios/(:any)','Método acionado ao fazer download do relatório de envio das camapanhas de newsletter','mdi mdi-cube-send','newsletter/c_relatorioEnvios/$1','2'),(267,'[M] Download do backup do banco de dados','[MÉTODO][PAINEL][ADMIN] Download do backup do banco de dados','system_backup/backup_db','Método acionado ao fazer download do banco de dados',' mdi mdi-database-export','painel/c_backupDB','1');
/*!40000 ALTER TABLE `pu_paginas` ENABLE KEYS */;
UNLOCK TABLES;

--
-- Table structure for table `usuarios`
--

DROP TABLE IF EXISTS `usuarios`;
/*!40101 SET @saved_cs_client     = @@character_set_client */;
/*!50503 SET character_set_client = utf8mb4 */;
CREATE TABLE `usuarios` (
  `id_usuario` int(11) NOT NULL,
  `login_usuario` varchar(45) NOT NULL,
  `senha_usuario` varchar(145) NOT NULL,
  `nome_usuario` varchar(45) NOT NULL,
  `email_usuario` varchar(90) NOT NULL,
  `status_usuario` enum('0','1') NOT NULL,
  `nivelAcesso_usuario` int(11) DEFAULT NULL,
  `imagem_usuario` varchar(145) NOT NULL DEFAULT 'default.png',
  `token_usuario` varchar(145) DEFAULT NULL,
  `senhaAlterada_usuario` enum('0','1','2') DEFAULT NULL,
  PRIMARY KEY (`id_usuario`)
) ENGINE=InnoDB DEFAULT CHARSET=utf8;
/*!40101 SET character_set_client = @saved_cs_client */;

--
-- Dumping data for table `usuarios`
--

LOCK TABLES `usuarios` WRITE;
/*!40000 ALTER TABLE `usuarios` DISABLE KEYS */;
INSERT INTO `usuarios` VALUES (1,'josheffer','$2y$10$P/vl6jfzg7pZo.ErCHVzxuTa0ybo9I1K03iXcnRZ8IUt5Zs1ewgaq','Josheffer Robert','josheffer@gmail.com','1',1,'img_usuario_1867971687.jpg','d31rqh79usuj4rfdia2034pldlvh5or0','2'),(2,'joao','$2y$10$WFUmjTeH9iMDx8yQZzQRs.4Aekq1pnVMumrpxzUGI0bg5kCOnjYr2','jose','faladevyt@gmail.com','1',2,'default.png','tersrs9ph7g4qqnooejnrdut9e6auoiq','2'),(3,'sdasdasd','$2y$10$8zMZ2wwzRn9.NUh3lInbL.SeFnmIIZ7UWgjncIp/vb5wvMi9/iGcm','asdasd','asdasldkj@gmail.com','1',11,'default.png',NULL,'0'),(4,'teste','$2y$10$GpMWvZvbYeFHZjGv8FgTJ.gSjOXbZO4kfvEJ1fBp05ys.RhzPa/wW','teste','teste123@gmail.com','1',10,'default.png',NULL,'0'),(5,'asdqweqw','$2y$10$7oUIC/zLq2M/F6g5Im818ezdC80lIMxpndI34PZaZp.Kije5WpICC','asdasd','asdadqweqw@gmail.com','1',11,'default.png',NULL,'0');
/*!40000 ALTER TABLE `usuarios` ENABLE KEYS */;
UNLOCK TABLES;
/*!40103 SET TIME_ZONE=@OLD_TIME_ZONE */;

/*!40101 SET SQL_MODE=@OLD_SQL_MODE */;
/*!40014 SET FOREIGN_KEY_CHECKS=@OLD_FOREIGN_KEY_CHECKS */;
/*!40014 SET UNIQUE_CHECKS=@OLD_UNIQUE_CHECKS */;
/*!40101 SET CHARACTER_SET_CLIENT=@OLD_CHARACTER_SET_CLIENT */;
/*!40101 SET CHARACTER_SET_RESULTS=@OLD_CHARACTER_SET_RESULTS */;
/*!40101 SET COLLATION_CONNECTION=@OLD_COLLATION_CONNECTION */;
/*!40111 SET SQL_NOTES=@OLD_SQL_NOTES */;

-- Dump completed on 2020-11-05 17:53:45
